User Name,Profile Link,Comment
"Mahesh Chamara","https://www.facebook.com/mahesh.chamara.3","Ven Thiththagalle Anandasiri Himi මේකට පිලිතුරු දෙන්න."
"Saman Kumara Gunasekara","https://www.facebook.com/saman.kumara.gunasekara.2025","Mahesh Chamara දෙයි මේන් කියල"
"Lahiru Priyadarshana","","Mahesh Chamara muu me kathawa wenas krnwa"
"Esara Bhashitha","https://www.facebook.com/esara.bhashitha","Mahesh Chamara    The answer is given in his profile."
"Gyanchandra Shakya","https://www.facebook.com/gyanchandra.shakya.833123","Mahesh Chamara"
"Thissa Ajitha Rathna Himi","https://www.facebook.com/people/Thissa-Ajitha-Rathna-Himi/61562473915744","Gyanchandra Shakya  මිනිස්සුන්ට ඕන තරම් කතා ගොතන්න පුළුවන්.."
"Darshana Disanayaka","https://www.facebook.com/darshana.disanayaka.911098","Mahesh Chamara සුදස්සන හිමියන් ගේ අම්මා කියන්නේ, කුමාර කස්සප හිමියන්ට දානය පිලිගැන්නුවා කියලා නෙමෙයි නේ.  ඒ අම්මා කියන්නේ ලබුනෝරුවට දානය පිලිගැන්නුවා කියලානේ.   ඒ අම්මා එකෙන් අදහස් කරන්නේ, කුමාර කස්සප හිමියනුත් වැඩ වාසය කරපු ලබුනෝරුව පන්සලට දානය පිලිගැන්නුවා කියලානේ.  පහල කමන්ට්ස් එකකීන් ගත්තේ එයා උත්තර දෙන්න දෙයක් නෑ මේ තීයෙන්නේ උත්තරේ"
"Nipuna Roashan","https://www.facebook.com/nipuna.roashan","Mahesh Chamara ආරාදනා කරල තියෙන්නෙ බං කතා කරමු කියල කෝ එන්නෙ නෑනෙ 😂🤷‍♂️"
"Nilmini Welivita","https://www.facebook.com/nilmini.welivita","මේ සුදස්සන කියන සිවුරුදාරියා කරන්නෙම බුද්ධ ධර්මයට නිග්‍රහ කරන එක හා විවේචනය"
"හෙල දීපය","https://www.facebook.com/people/%E0%B7%84%E0%B7%99%E0%B6%BD-%E0%B6%AF%E0%B7%93%E0%B6%B4%E0%B6%BA/100008433345988","Nilmini Welivita බලෙන් හෝ උපැවිදි කල යුතුඅය."
"Roshan Pradeep","https://www.facebook.com/roshan.pradeep.3367","හෙල දීපය jvp කාඩර්ලා බෞද්ධයන් පන්සලේන් ඇතිකිරිමෙ පල්ලි කල්ලිවල උවමනාවට ජෙවිපි කොන්ත්‍රාත්තුව හැම පන්සලකම චිවරදාරින් ඉන්නවා හොදින් හොයල බලන්න"
"Bms Balasooriya","https://www.facebook.com/bms.balasooriya.79","Nilmini Welivita  මූ සිවුර දාගෙන වටේ ගිහින් වැඩියි, ඒකනෙ ඔලුව මංඤං වෙලා තියෙන්නෙ."
"Tharanga Rajeewa Srimal","https://www.facebook.com/tharanga.rajeewa.5","Nilmini Welivita පැලවත්තේ ජෙප්පෙක් නේ මිනිහා."
"Samantha Wijesiri","https://www.facebook.com/samantha.wijesiri.124785","මුන්ට දානය දෙන්න එපා ලංකාවේ මිනිස්සු මූලා කරලා සැපවිදිනවා"
"Gyanchandra Shakya","https://www.facebook.com/gyanchandra.shakya.833123","Nilmini Welivita"
"Sampath Ranasinghe","https://www.facebook.com/sampath.ranasinghe.98","Samantha Wijesiri මුළා කරල සැප විදින්නෙ උබලගෙ අනිත් හාමුදුරුවරු බන්😀 උබලට දිව්‍යලෝකෙ පෙන්නල වුන් මේලෝකෙ සැප විදිනව.සුදස්සන හාමුදුරුවො මිත්‍යාවෙන් ඇත්ත පෙන්වන්ව."
"හෙල දීපය","https://www.facebook.com/people/%E0%B7%84%E0%B7%99%E0%B6%BD-%E0%B6%AF%E0%B7%93%E0%B6%B4%E0%B6%BA/100008433345988","Roshan Pradeep අනේ බොල..සිල්වත් භිකෂුන් හා විකෘති දර්මය පතුරවන්න ආව ngo නඩය අදුරාගන්න නම් බොලා ත්‍රිපිටකය ඉගෙන ගෙන.හිටු මුලින්"
"Fairooz Nizam","https://www.facebook.com/people/Fairooz-Nizam/pfbid02s5Jqm7oQXDLbaiyT3njcQrdyTxfJ8KX9tKPLjbgTgiRPqGgfTNetfKcx61vZVQjRl","Nilmini Welivita - yes ; he ruins the pure Buddhist philosophy"
"Nuwan Gamage","https://www.facebook.com/profile.php?id=100021436758694","Nilmini Welivita mole naththam eyage desana therenne na"
"Nilmini Welivita","https://www.facebook.com/nilmini.welivita","මේකනම් පුදුම අශෝබන ට්‍රෙන්ඩ් එකක්  ..."
"Gyanchandra Shakya","https://www.facebook.com/gyanchandra.shakya.833123","Nilmini Welivita"
"Thanuja Dananjaya Maddumaga","https://www.facebook.com/thanujad77","ගැමුණු  සහා  සුදස්න හාමුදුරුවන්   ගේ වැඩ සටහන  පටන්  ගත්ත මුල් කාලයේ  සිට  දෙදෙනටම මුස්ලිම්  ක්‍රිස්තියානි   කියලා  ගැහුවා   එකට හේතුව  ලොව්තුරු  සෙවන කියලා page එකකින්  ගැමුණු  සහා  සුදස්සන හාමුදුරුවන්  ගේ වැඩ  සටහන්  වල කොටස්   අරගෙන  වැරදි  අදහස්  යන විදිහට  මාතෘකා  දාලා  එතනින්  පස්සේ තමා වැරදි  මත  සමාජ ගත  වෙන්න  ගත්තේ  ගැමුණු  ගේ යුටියුබ්  එකේ තියෙන වා  සම්පූර්ණ  වැඩසටහන්   සුදස්සන හාමුදුරුවන්ගේ Chamara Wijesooriya  එතන වැරැද්දක්  තියනවා  නම්  එක සංවාද යට ලක් කරන්න   අනිත්  එක  තමා   සුදස්සන   හාමුදුරුවෝ  සංවාද යට ලැස්ති හැබැයි  ඔය චෝදනා  කරන අය  එදා ඉදන් අද වෙනකම්  කවුරුත්  සංවාද යට ඇවිල්ලා  නැ පැමිණිලි  දානවා  ඊට කලිනුත්  දැම්මා   තිත්ත ගල්ලේ හාමුදුරුවෝ  ගැමුණු ගේ වැඩ සටහනට සම්බන්ධ වන්නේ  ලගදි  හැබැයි  ඔය පෙනි ඉන්නේ  සුදස්සන හාමුදුරුවෝ  වෙනුවෙන්   සුදස්සන  හාමුදුරුවෝ  දරණ මතය ට  විරුද්ධ හො හරි වැරද්ද මොකක්ද  කියන්න  කෙනෙක්  බුදුදහම පැත්තෙන්  ඉදිපත් උනා නම්   මේ ගැටළු ව විසදෙනවා  හැබැයි  ඉතින්  එකට ඉදිරිපත්  වෙන්න  කෙනෙක්  නැ    ගැමුණු සහා  සුදස්සන  හාමුදුරුවෝ  දෙදෙනා ම සැම වැඩසටහනකම  සංවාද යට විවෘත  ව තමා වැඩසටහන කරන්නේ   කොන අල්ලාගෙන  ගහනවා ට වඩා සංවාද යට විවෘත  උනා නම්   වැඩේ ලස්සන යි  මුල ඉදන් වැඩ සටහන්  බලපු කෙනෙක්  හැටියට  මට තිබ්බ  ගැටළු ත් මම  comment දාල  තියෙන වා උත්තර  ලැබිලා තියෙන වා"
"චනා විකුම්","https://www.facebook.com/chana.vikum.v","Thanuja Dananjaya Maddumaga මේ වගේ නාට්ටිකාරයින් හොඳයි නාට්‍යය බලන මිනිස්සුන්ට."
"Thanuja Dananjaya Maddumaga","https://www.facebook.com/thanujad77","චනා විකුම්  ගොඩක්  අය සුදස්සන හාමුදුරුවෝ ගේ වැඩ  සටහන්  බලන්නේ නැතුව  තමා  බයින්නේ  හාමුදුරුවන්ට විරුද්ධ  පැමිණිලි  දාපු හාමුදුරුවන්  වත්  පටන්  ගත්ත  දවසේ  සිට  සමාජ  මාධ්‍ය වල  post දාල ගහනවා  මිසක්  බුදු  දහම සම්බන්ධ  හො හාමුදුරුවන් ගේ මතය  සමග සංවාද යට එන්නේ  නැ සහා  එකට අවස්ථා ව දීල  තියෙන වා  හැබැයි  පැමිණිලි දානවා  සහා page හරහා  ගහනවා"
"චනා විකුම්","https://www.facebook.com/chana.vikum.v","Thanuja Dananjaya Maddumaga ගොඩක් අය සුදස්සනගේ වැඩසටහන් බලලා තමයි කතා කරන්නේ. එහෙම නැතුව සුදස්සන කියන්නේ මොනවගේ මතවාද දරණ පුද්ගලයෙක්ද කියලා කියන්න බැහැනේ.   ඒ වගේම සුදස්සනට දෝෂාරෝපණ එල්ල කරන්නේ මිනිසුන් ආසාවට නෙමේ. හේතු කාරනා නිසයි.   රැඩිකල් වෙන්න ඕන තිඹිරිගෙය විනාශයට ලක් කරලා නොවේ. කැ. සුදස්සන එවන් පුද්ගලයෙක්."
"Thanuja Dananjaya Maddumaga","https://www.facebook.com/thanujad77","චනා විකුම්  තැන තැන දෝෂ රෝපණ ය සහා  පැමිණිලි  කරනවා  ට වඩා හොද නැද්ද   සංවාද යට ලක් කරන  එක  ඇයි දෝෂ රෝපණ ය කරන අය සංවාද යට ලැස්ති නැත්තේ"
"චනා විකුම්","https://www.facebook.com/chana.vikum.v","Thanuja Dananjaya Maddumaga සංවාදයට ලක් කරලා තමයි තීන්දු තීරණ අරගෙන තියෙන්නේ. එහෙම සංවාදයට ලක් කරද්දී මණ්ඩප ගහලා ප්‍රසිද්ධියේ රූපවාහිනී නාලිකා වලට එන්න කියලා පැමිණිලි විසඳලා අවශ්‍ය විනය ක්‍රියාමාර්ග ගන්නේ නැහැ බුද්ධ ශාසනයේ.  ධර්මය විනය නොදත් ලාමක ගිහියන් ඉල්ලන චූන් එක බුද්ධ ශාසනයෙනේ ලැබෙන්නේ නැහැ ඒ වගේ කටයුත්තකදී."
"Thanuja Dananjaya Maddumaga","https://www.facebook.com/thanujad77","චනා විකුම්  රැඩිකල්  මතයක්  උනත්  එකට අදාල සුත්‍ර පාඨ  පොත පත සියල්ල  උපුටලා තමා උත්තර  දෙන්නේ  ත්‍රිපිටක ය පවා උපුටා  ගෙන තමා උත්තර  දෙන්නේ  එම උත්තර  දෙන්න  කොට සහා  සංවාද ය යන තැනක හාමුදුරුවන් ගේ හිතලු කියල  රැඩිකල් කියලා  දෝෂ රෝපණ ය කරන්න  බැ නේද"
"Thanuja Dananjaya Maddumaga","https://www.facebook.com/thanujad77","චනා විකුම් ඔය කියන විදියේ විනය ක්‍රියාමාර්ග  අරගෙන  නැ හැබැයි  page වලින්  නම් විනය ක්‍රියාමාර්ග අරගෙන තියෙන වා"
"චනා විකුම්","https://www.facebook.com/chana.vikum.v","Thanuja Dananjaya Maddumaga ආයේ කියන්නම් ඔබ හෝ කවුරු හෝ කියනවා නම් තැන තැන පැමිණිලි කරා දෝෂාරෝපණ කරා කියලා ඒක සාවද්‍ය කතාවක්. පැමිණිලි වෙලා තියෙන තැන තමයි විනය ක්‍රියාමාර්ග අරගෙන තියෙන්නේ. ඒක තැන තැනක් නෙමෙයි. එතකොට එතැනදී ඔබ කියන සුදස්සනගේ මතවාදය සංවාදයට ලක් කරලා තීන්දු තීරණ අරගෙන තියෙන්නේ.  ඉන් මෙහා සමාජ මාධ්‍ය තුල කතා කරනවා නම් සුදස්සන සූත්‍ර අටුවා වලින් නෙමෙයි උත්තර දෙන්නේ විද්‍යාවෙන්. බුදුදහම කියන්නේ එකක් විද්‍යාව කියන්නේ තවත් එකක්. ඒ දෙක දෙකක්."
"Thanuja Dananjaya Maddumaga","https://www.facebook.com/thanujad77","චනා විකුම් විද්‍යාවෙන්  උත්තර  දෙන්නේ නැ සාහිත්‍ය කොටස නැතුව බුදු දහම  කතා කරනවා  එක රිදෙනවා    ඔය කියන  විනය සම්බන්ධ ව කිසිම  ක්‍රියාමාර්ග යක් අරගෙන නැ"
"චනා විකුම්","https://www.facebook.com/chana.vikum.v","Thanuja Dananjaya Maddumaga ඔයා කොහොමද කියන්නේ සභාවක් රැස් වෙලා මේ සම්බන්ධයෙන් කටයුතු මෙහෙයවා නැහැ කියලා??  Page නම් දෙපැත්තටම තියෙන්නේ."
"Thanuja Dananjaya Maddumaga","https://www.facebook.com/thanujad77","චනා විකුම් හොයලා  බලන්න"
"චනා විකුම්","https://www.facebook.com/chana.vikum.v","Thanuja Dananjaya Maddumaga විද්‍යාවෙන් උත්තර දෙන්නේ. බුදුදහමෙන් උත්තර දෙන්නේ නැහැ. අනික සාහිත්‍ය කියලා කොටසක් බුදුදහමේ නැහැ. බුදුදහමේ තියෙන්නේ සූත්‍ර, අභිධර්මය, විනය පමණි. ඉතින් තමන්ගේ පුද්ගලික හිතළු වලට ගැලපෙන්නේ නැති තැන් සාහිත්‍ය කියලා අලුතින් හදාගත් කොටසකට දානවා. ඒවට බනිද්දී හිත රිදෙනවා ඇති.  ආයේ අහන්නම් සභාව රැස් කරලා කටයුතු කරලා නැහැ කියලා කොහොමද කියන්නේ??"
"චනා විකුම්","https://www.facebook.com/chana.vikum.v","Thanuja Dananjaya Maddumaga හොයලා බලපු නිසයි ප්‍රශ්න කරන්නේ. එතකොට අදාල උත්තරය දෙනවා මිසක හොයලා බලන්න යයි කීම අසාර්ථකයි."
"Esharma Kariyakarawana","https://www.facebook.com/esharma.kariyakarawana.2025","Thanuja Dananjaya Maddumaga සුදස්සන හාමුදුරුවෝ ආවෙ නෑ වාදවලට"
"Dushantha Prasad","https://www.facebook.com/dushantha.prasad.935391","Thanuja Dananjaya Maddumaga සංවාද කරන්න දෙයක් නැ.   නිවනක් අවශ්‍ය නැ. යලි මොනයම් හෝ උපතක් නැතිනම්  එහෙහනම්  පැවදිවිම වැඩකුත් නැ  ශාසනයෙ සිටිය යුතුත් නැ"
"Sumith Nishanth","","Thanuja Dananjaya Maddumaga dan gamunu mona agameda dannavada ?gamunuma kiyanava aya katholika kiyala .chevaradare sudassna gana nam hariyata danne na."
"Gyanchandra Shakya","https://www.facebook.com/gyanchandra.shakya.833123","Thanuja Dananjaya Maddumaga"
"Ashel Kariyawasam","https://www.facebook.com/ashel.kariyawasam","Thanuja Dananjaya Maddumaga"
"Nishantha Kumarasiri Bowange","https://www.facebook.com/nishantha.kumara.343943","මේ ඉන්නෙ ජෝකර්ල දෙන්නෙක්ද. 🤩 මම අවුරුදුගානක් තිස්සේ නිරීක්ෂණය කරනව මේ හාමුදුරුවන්ගෙ කතා මේ හාමුදුරුවෝ ඉතාමත්ම අනිසිලෙස  මේ රටේ හාමුදුරුවන්ට සහා එම සංකෘතියට  පහාර  ගහානව කිසිදුදෙයක් නොදැන ඔවුන් කියන්නෙ ඔවඋන් බුද්ධ දර්ශණය මනාව දන්නවා කියා නමුත් එසේ දැනීමක්  පෙනෙන්නට නෑ. මෙතනදීද කතාවිලාසයෙන් කියන්න පුලුවන්නෙ උගත්කම. මෙලෝරසයක් නැති චරිත. මම ගොඩක් බුද්ධිමතෙකු නොවෙයි නමුත් මටද එය වැටහෙනව . , මට පුලුවන් මේ හාමුදුරුවන් සමග තර්කකර ඔවුන්ව පරාජය කරන්න. මා සමග තර්කයේ යෙදුනොත් බුද්ධ දර්ශණයේ ශාරාංසයෙන්ම පරාජය කරනව."
"Srilanka Popi Mala","https://www.facebook.com/indra.perera.142","Nishantha Kumarasiri Bowange අනිවාර්යයෙන්ම"
"Sudarsana Darsha Seneviratne","https://www.facebook.com/sudarshanseneviratne","Nishantha Kumarasiri Bowange බුදුදහමේ නෙවෙයි බෞද්ධ දර්ශනයේ පදනම මොකක්ද"
"Gyanchandra Shakya","https://www.facebook.com/gyanchandra.shakya.833123","Nishantha Kumarasiri Bowange"
"Nishantha Kumarasiri Bowange","https://www.facebook.com/nishantha.kumara.343943","Gyanchandra Shakya ඔබ ඔය කතාකරන්නෙ නීතිමය ප්‍ර්ශ්ණයක් ගැන දර්මයයි නීතිමය පැත්තයි පටලවගන්න එපා මමත් හොදට ආගමික ස්තාන සහා සියලු වුර්තීන් ස්තාන ඇසුරුකරල තියනව හොදට පොලොවෙ  පයගහාල  ඉන්නව."
"Nishantha Kumarasiri Bowange","https://www.facebook.com/nishantha.kumara.343943","Sudarsana Darsha Seneviratne  සත්වයා දුකින් මුදවා ගැනීමයි. (බුදු දහාම කිව්වත් දර්ශණය කිව්වත් එකයි. එය නිර්මාණය කරගතහැකියි . බුදුදහාම දර්ශණය කරගැනීමට උත්සහාගතයුතුයි."
"Nimesh Asanka","https://www.facebook.com/people/Nimesh-Asanka/61580511065381","Nishantha Kumarasiri Bowange තිත්තගල්ල කියන්නෙ රස්තියාදු කාරයෙක්.ජොබ් එකක් කරන්න කම්මැලි කමට මහණවුන එකෙක්."
"Nishantha Kumarasiri Bowange","https://www.facebook.com/nishantha.kumara.343943","Nimesh Asanka  රස්තියාදු පාට් එකක් දානනිසා මටත් හිතෙනව එහෙම."
"Nimesh Asanka","https://www.facebook.com/people/Nimesh-Asanka/61580511065381","Nishantha Kumarasiri Bowange අමු පිස්සෙක් මූ .මං මූ ගැන දන්නව හොඳට.මූ මහණවුන හැටි පවා මං දන්නව."
"Sanjaya Wehella","https://www.facebook.com/sanjaya.wehella.3","ලැජ්ජයි හලෝ....මමත් කැමතියි තුන්වෙනි පංතියෙ කැත ග්‍රාම්‍ය වචන වලින් තිත්තගල්ලෙට යමක් කියන්න. මොකද මගෙ අම්මා තාත්තා කවදාවත් මගෙ කකුල්දෙක අල්ලලා වැඳලා නෑ.  අඩෝ...තිත්තගල්ලෙ.... තෝ ඇඳගෙන ඉන්නෙ එසේ මෙසේ ඇඳුමක්ද. යකෝ ඕක උතුම් චීවරය නේද අර්හත් ධජය නේද. අනෙක යකෝ තෝ සාමනේර නමක් ලෙස මුලින් දසශීලය සමාදන් වෙලා ඊට පස්සෙ අධිශීලයට පත් උතුම් උපසම්පදාව ලබපු එකෙක් නේද.  හාමුදුරුවරුන්ගෙ දේවල් ප්‍රශ්න කතා කරන්නෙ ඇහැට නොපෙනෙන චිත්තප්‍රාණීන්ටවත් එන්න බැරි ""සීමාවන්"" තුළ නේද.( තොපි එහෙම සංසාර ගමන යන ඇත්තො නෑ කියලා තක්කඩිකමට කිව්වට ධර්මයේ එහෙම සඳහන් වෙනවා) එහෙම තත්ත්වයක් තුළ යකෝ තෝ ඔය කතා කරන භාෂා භාවිතය වචන භාවිතය හරිද. මිනිස්සුන්ට සිත කය වචනය සංවර කර ගන්න කියලා බණ කියන තොපි වචනය සංවර කරගෙන තියෙන්නෙ ඔහොමද. අනේ තිත්තගල්ලෙයො අනේ පලයකෝ යන්න. අමන පාහර ජඩ වසුරු නෙයියාඩම් කැමරා ඉස්සරහ රඟ දක්වන තොපි ජෝකර්ලා උනාට කමක් නෑ තොපි අවිද්‍යාවයි තණ්හාවයි පුරෝගත්ත පඩත්තලයො උනාට කමක් නෑ.සිවුර ගලොලා ඔය නෙයියාඩම් නටපිය.සිවුරෙ ගෞරවය රකින්න බැරිනම් තොපිට සිවුරත් තවත් ඇඳුමක් විතරයි කියලා හිතෙනවා නම් තොපේ අම්මයි තාත්තයි තොපේ කකුල් අල්ලලා කරපු වන්දනාවෙ අර්ථයට සාධාරණය ඉෂ්ට කරපිය. මම මේ වැරදි කැත වචන වලින් කොමෙන්ටුව කොටන්නෙ සිවුරක් ඇඳගෙන නෙමෙයි ගෙදර ඉඳන් සරමක් ඇඳගෙන. සරමක් ඇඳගෙන උනත් මෙහෙම සඳහන් කරන්නෙ   ලැජ්ජාවකුත් එක්ක. තොපි වගේ එවුන්ට කරන්න ඕන අර සර් ජෝන් කොතලාවල මහත්තයා කියලා තියෙන විධියට සිවුර ගලෝලා පිටෙයි පුකෙයි තාර ගාණ එක තමයි."
"Gyanchandra Shakya","https://www.facebook.com/gyanchandra.shakya.833123","Sanjaya Wehella"
"Sanjaya Wehella","https://www.facebook.com/sanjaya.wehella.3","Gyanchandra Shakya ඔය කාරණා පිළිබඳව අපටත් විවේචනයක් තියෙනවා. සිවුරු ඇඳගෙන කරන්න තියෙන ජඩ වැඩ ඔක්කොම කරන පාහරයො ඉන්නවා තමයි. ඒ වගේම ශාසනයෙ තවත් ප්‍රශ්න තියෙනවා. ඒ නිසා ශාසන ශෝධනයක් කථිකාවතක් ක්‍රියාත්මක කරන එක කාලෝචිතයි. ඒක නායක ස්වාමීන්වහන්සේලාගේ වගකීමක්."
"Nilan Joes","https://www.facebook.com/nilan.wettasinghe","සුදස්සන හිමියන් ගේ අම්මා කියන්නේ, කුමාර කස්සප හිමියන්ට දානය පිලිගැන්නුවා කියලා නෙමෙයි නේ.  ඒ අම්මා කියන්නේ ලබුනෝරුවට දානය පිලිගැන්නුවා කියලානේ.   ඒ අම්මා එකෙන් අදහස් කරන්නේ, කුමාර කස්සප හිමියනුත් වැඩ වාසය කරපු ලබුනෝරුව පන්සලට දානය පිලිගැන්නුවා කියලානේ."
"Hirushan Malalasekara","https://www.facebook.com/hirushan.malalasekara.3","Nilan Joes ඇත්ත.. මේ වීඩියෝ එක දාපු කෙනාට කිසි තර්කයක් ගොඩනගා ගන්න බෑ..."
"Gyanchandra Shakya","https://www.facebook.com/gyanchandra.shakya.833123","Nilan Joes"
"Darshana Disanayaka","https://www.facebook.com/darshana.disanayaka.911098","Nilan Joes ඔව් එකනේ එකම රීපීට් කර කර මොකක්ද බන් උබ ගොඩනගන මොඩ තර්කය මොඩ චාමර මම හීතුවෙ තවුසේ වැදගත් තර්ක ගොඩනගන මීනීහෙක් කීයලා ඉයා ඈchamara"
"Yamuna Chandani","https://www.facebook.com/people/Yamuna-Chandani/pfbid02SyCb6ZgdXyhz3eEFC1XN9rsbPKpMgvEiXaiaeaWH6C6hNVmeHHxPeH59MA5uh4Q2l","අනේ මන්දා ලංකාවේ සිංහල බෞද්ධ නැති වෙයි වගේ මෙහෙම ගියොත්"
"Prashad Gnanaratne","https://www.facebook.com/prashad.gnanaratne","Yamuna Chandani මෝඩ කතා කියන්න එපා 😑"
"Gyanchandra Shakya","https://www.facebook.com/gyanchandra.shakya.833123","Yamuna Chandani"
"Ashen Menuka Nehinnage","https://www.facebook.com/ashenmenuka.nehinnage","Yamuna Chandani ammo hari baudda rata 😹"
"Chamara Hemantha","https://www.facebook.com/chamara.hemantha.777481","කසාකන්ටක පර බල්ලෝ බුදුදහමටම ගරහනවා. තොපිට දැනටමත් අපායවල් විවර වෙලා ඉවර ඇති. අපිට අව්ලක් නෑ කියල ඉන්න පුළුවන් කරන පව් තොපිටනෙ කියලා. ඒත් තොපි උතුම් බුද්ධ චීවරය දරාගෙන සමාජය ඉස්සරහ වැලලෙන්න හදද්දි තමා තොපෙ අම්මයි තාත්තයි එකතු උන තැනට ඇයි හෙන ගැහුවෙ නැත්තෙ කියල හිතෙන්න, සක්කිලි."
"Gyanchandra Shakya","https://www.facebook.com/gyanchandra.shakya.833123","Chamara Hemantha"
"Rathmalane Paghghaloka Himi","https://www.facebook.com/profile.php?id=100061110320307","Kekirawe Sudassana Himi  හාමුදුරුවනේ තමන්ගේ අම්මවම ඔහොම ලැජ්ජා කරනවද ☺️ . රෙදි නෑනේද 😁"
"Malindu Dilshan","https://www.facebook.com/malindu.dilshan.9615","Rathmalane Paghghaloka Himi ඔව් සිවුරුනෙ තියෙන්නෙ 😂"
"Rathmalane Paghghaloka Himi","https://www.facebook.com/profile.php?id=100061110320307","Malindu Dilshan එතකොට සිවුර හැදිලා තියෙන්නේ ? 😌"
"Malindu Dilshan","https://www.facebook.com/malindu.dilshan.9615","Rathmalane Paghghaloka Himi නූල් හා සායම් 😏"
"Malindu Dilshan","https://www.facebook.com/malindu.dilshan.9615","Ko ko rply"
"Priyanga Perera","https://www.facebook.com/priyanga.perera.893819","Rathmalane Paghghaloka Himi ගලගොඩඅත්තේ ඥානසාර හිමියන්ට අත්සන් කරන්න ගත්තට පස්සෙ ද මතක් උනේ.."
"Gyanchandra Shakya","https://www.facebook.com/gyanchandra.shakya.833123","Rathmalane Paghghaloka Himi"
"Madhurika Jayawardana","","මේ පිස්සා අල්ලලා ගස් බඳින්න තියෙන්නෙ"
"Gyanchandra Shakya","https://www.facebook.com/gyanchandra.shakya.833123","Madhurika Jayawardana"
"Madhurika Jayawardana","","Gyanchandra Shakya ඉතින් ඔබ ඇයි, එදා පොලිසියට complain කරේ නැත්තේ?  ඔබගේ විස්තර එවන්න. නම, ඔබගේ ගුරු හාමුදුරුවෝ ,  පදිංචි ලිපිනය, PP එකේ copy එකක්."
"Nishantha Darshana","https://www.facebook.com/nishantha.darshana.520","අවුරුදු 18 ක් එක දිගට ඉන්නේ නෑ අඩුම ගානේ අවුරුදු දෙකකට සැරයක් ලංකාවට එනවා.. එතකොට දානෙ දෙන්න බැරිද ..??  ඒ දානය ගිය අවුරුදු කිපය ඇතුලත එක සැරයක් හෝ වෙන්න පුළුවන්  ඒක නිසා මේනිවේදකයාගේ තර්කය ගොං තර්කයක්"
"Wasantha Weerasingha","https://www.facebook.com/people/Wasantha-Weerasingha/pfbid02Wqjg9FRGG7NKPDdwrLUna4jWLTYwnwUBvmBYxgokNQp4aQDztMQWDiSuxrL9rXgFl","Nishantha Darshana  අනේ ඔව් හෝදන්න ඔයිට වඩා තර්ක ගේන්න පුලුවන් බං"
"Prabhath Kodikara","https://www.facebook.com/jeewa.kodikara","Wasantha Weerasingha වෙන්න පුලුවන්. මේ ප්‍රශ්නෙ මොකක්ද කියන්න මං දන්නෙ නෑ. මේවීඩියෝ එක විතරයි මම දැක්කෙ. එත් මේ නිවේදකයා ගේන තර්ක නම් තේරුමක් නැති තර්ක. හැබැයි අර හාමුදුරුවෝ කතා කරන විදිය නම් චොර"
"Gyanchandra Shakya","https://www.facebook.com/gyanchandra.shakya.833123","Nishantha Darshana"
"B Vimala Thissa","https://www.facebook.com/bvimala.thissa","සමාජ මාධ්‍ය තුළ කතා කරන්නවත් දන්නැති භික්ෂූන් වහන්සේලා දෙනමක් තමයි මෙතන කතාබහ කරන්නේ බෞද්ධ භික්ෂුවක් වුනාම සංවරව කතා කරන්න ඕන නමුත් ඒ බවක් මෙතන පේන්නේ නෑ. නිකං උඩ බලාගෙන කෙළ ගහන්නැතුව වැඩ හිටියනං හොඳයි කියලා මං හිත මට හිතෙනවා."
"Gyanchandra Shakya","https://www.facebook.com/gyanchandra.shakya.833123","B Vimala Thissa"
"Ashoka Alahakoon","https://www.facebook.com/ashoka.alahakoon.2025","තිත්තගල්ලෙ උන්නාන්සෙ තිත්තයි ඔහෙගෙ ගොන් වැඩ"
"Gyanchandra Shakya","https://www.facebook.com/gyanchandra.shakya.833123","Ashoka Alahakoon"
"Subashini Niluka","https://www.facebook.com/profile.php?id=100094130202595","[Sticker]"
"Gyanchandra Shakya","https://www.facebook.com/gyanchandra.shakya.833123","Subashini Niluka"
"Maduranga Cool","https://www.facebook.com/maduranga.cool","මේ භික්ෂු ප්‍රතිරූප දෙක ඉස්සල්ලම තෙරුවන් සරණ ගියානම් වටිනවා (Basic වත් නෑ සංවරකම ) 🤔🤔 මොනා කරන්නද අටලෝ දහමෙන් කම්පා නොවෙමු කියා අප මහා සර්වඥයන් වහන්සේ දේශනා කල නිසාත් නිවැරදි සද්ධර්මය දන්නා අයවලුන් මේ දීපයේ තාම වසන නිසාත් මේ අඥානයින් නැටුවට පලක් නෑ කියලයි අපට කියන්න ඇත්තේ..තෙරුවනම සරණයි☸"
"Gyanchandra Shakya","https://www.facebook.com/gyanchandra.shakya.833123","Maduranga Cool"
"Dilip Prasanna","https://www.facebook.com/dilip.prasanna.549","උමන්දාවේ ගේ අනිත් එක්කෙනා නේ මේ තිත්තගල්ල,, රටේ ප්‍රශ්න ඇදලා ආගම්වාදය ජාතිවාදය පතුරුවා කොහොමහරි නෑමොලේ බලයට ගේන්නයි මෙයාලට ඕනේ."
"Gyanchandra Shakya","https://www.facebook.com/gyanchandra.shakya.833123","Dilip Prasanna"
"Asanka Udayakumara","https://www.facebook.com/profile.php?id=1260931545","Chamara Wijesooriya කෙටි නිවැරදි කිරීමක්- මේකෙ කියන්නෙ ලබුනෝරුවට දානෙ දුන්න කියා මිසක් කුමාර කස්සප ස්වාමින්වහන්සේට දානෙ දුන්නා යැයි නෙමේ නේද. ඒගැන නැවත පරීක්ශා කරන්න. ස්තුති"
"Gyanchandra Shakya","https://www.facebook.com/gyanchandra.shakya.833123","Asanka Udayakumara"
"Asanka Udayakumara","https://www.facebook.com/profile.php?id=1260931545","Gyanchandra Shakya 🤔"
"Chameera Gamage","https://www.facebook.com/chameera.gamage.946","සුදස්සන කියන්නෙ සාසනේට නුසුදුසු කෙනෙක් එච්චයි"
"Susantha Pathirana","https://www.facebook.com/susantha.pathirana.944","Chameera Gamage ඒ ඔයාලගේ සාසනයට අපෙ බුදුන් වහන්සේ ගේ සාසනයට උන් වහන්සේ ඉන්න ම ඕ න"
"Chameera Gamage","https://www.facebook.com/chameera.gamage.946","Susantha Pathirana බුදුන් වහන්සේගේ දර්මය විනාස කිරීම හරිද බලන්න මේ මිනිස්සු දාල තියන විස්තර ටික ඒවටත් උත්තර දුන්නනම් උපාසක"
"ඇල්ලෙ මලියා","https://www.facebook.com/malindu.munipriya","Chameera Gamage කැ% වැඩ ටික කරන්න පුලුවන් කැකිරාවේ ආගමේ නිසා උන්ට රිදෙනවා 😁"
"Gyanchandra Shakya","https://www.facebook.com/gyanchandra.shakya.833123","Chameera Gamage"
"Piliyandala Medhavi Himi","https://www.facebook.com/Kalyanamittr","කොහොමත් කියන්න තියෙන්නේ නිරයට ලිස්ටි එකේ උඩින්ම ඉන්නව කියන එකයි."
"Gyanchandra Shakya","https://www.facebook.com/gyanchandra.shakya.833123","Piliyandala Medhavi Himi"
"අරුණෝදය","https://www.facebook.com/people/%E0%B6%85%E0%B6%BB%E0%B7%94%E0%B6%AB%E0%B7%9D%E0%B6%AF%E0%B6%BA/61584194546500","අනේ මොකද ශාසනය භාර දෙවියනේ 🤔"
"Thilak Nalinda","https://www.facebook.com/thilak.nalinda.9","මේව  මේ   බුද්ද   දර්ශනයට ගැලපෙන වැඩ නෙවෙයි .  බුදු  දහම කියන්නෙ නිවරදි මාර්ගය පෙන්වාදෙන දහමක් .  මුන්නාන්සෙල හැමෝම පටලවාගෙන  නිර්වානයට යන මාර්ගය බුදු දමෙන්  පැහැදිලි කරන්නෙ. හරියට  දම් මාර්‍ගය ආදුනගන්නෙ  නැතුව    එක එක රෙද්දවල් අස්සෙ පටලිලා     අතුම්    බුද්ද දර්ශනයට නිග්‍රහකරන්න  උන්නන්න්සෙල   බොහොමයක් බිහිවෙලා  . සමාජෙට වෙන  වැඩකුත් නැ .   දර්මයක් පැහැදිල් කරන්නදන්නෙත් නෑ  . බහුබූත.   මහන උන හේතුව දන්නෙත් නෑ . වානිජ ලෝකයක්  ගොඩනගාගන්නව සිවුරදාගෙන  ."
"Gyanchandra Shakya","https://www.facebook.com/gyanchandra.shakya.833123","Thilak Nalinda"
"Kapila Asanka Samarasinghe","https://www.facebook.com/S.k.asanka","බුද්ධ ධර්මය ආගමක් විදියට නෙවෙයි දර්ශනයක් විදිහට දකින්න. එතකොට චීවරධාරීන් කවුරුන්ද.... සැබෑ භික්ෂූන් වහන්සේ කවුරුන්ද  යැයි ඔබට වැටහෙනු ඇත"
"Gyanchandra Shakya","https://www.facebook.com/gyanchandra.shakya.833123","Kapila Asanka Samarasinghe"
"Priyadarshika Nawarathna","https://www.facebook.com/people/Priyadarshika-Nawarathna/pfbid0RJLE228hVwVCNTFpw175zzMRVcmjfWxKWnhZUzXNK8kAbC3RX6FpyuCaXimLZdypl","කොත්මලේ කුමාර කස්සප හිමි පල්ලි පිල්ලි දෙකකට නෙගටිව් පබ්ලිසිටි දුන්නා පමණයි ඉතින් ඔවුන් තව ඒ පබ්ලිසිටි ගන්නවා උමතුව සමග.  ඇත්තටම ශාසන භක්ෂක ව්යාප්රුති කරමින් අභිධර්මය අටුවා ටීකා ඉවත් කර ත්‍රිපිටකය දෙපිටකයක් කරන, ඛුද්දක නිකාය ඉවත් කර හිතලු ලියන කියන බුද්ධ භාෂිතය විකෘති කරන, බුදු පිළිම වහන්සේ ලා විකෘති කරන, විහාර ආරාම කොල්ලකන, පාරාජිකා වී විණය විරෝධි ලෙස මහනායක හිමිවරුන් රවටා උපසම්පදාව නැවත ගෙන, වස් කාලය වත් නැතිව ගෝලයෝ හදා විණය විරෝධි ලෙස උපසම්පදා දුන් කිරිබත්ගොඩ ඤාණානන්ද නොහොත් ජූඩ් කබ්රාල් ගැන කෙල පිඩක් හෙලන්නෙ නෑ. රට පුරාම ලෝකය පුරාම ඊනියා මහමෙව්නා භාවනා මධ්‍යස්ථාන කියා පතුරවමින් සැබෑ මහා විහාරය  උතුම් බුද්ධ පූජා භූමිය වන අනුරාධපුර මහමෙවුනා උයන යටපත් කරන කිරිබතා ගැන වචනයක් වත් කියන්නෙ නෑ. ඔය කිසි සේත් ම හාමුදුරුවරු ලෙස සැලකිය නොහැකි පල්ලි පිල්ලි ශ්‍රමන වෙස්ධාරී දෙදෙනාට කතෝලික යූ ටියුබ් කාරයෝ සහ බොදුවිරෝධීන්ව චූන් කරනවා හැර පිරිසක් නෑ. ඔවුන්  ඉක්මනින් උමතු බවට පත් වෙලා කරන පව්වලට. කොත්මලේ කුමාර කස්සප හිමි ත්‍රිපිටකය ට ඊනියා සංරක්ෂණ අණ පණත් ගෙන ඒමට තව වටයකින් කරන මෙහෙයුමක් වගේ. බෝන් අගේන් ක්‍රිස්තියානි අධිකරණයක ඔය පිස්සෝ දෙදෙනාත් අන්තිමට ධර්ම විකෘති කාරයෝ සමග හිඳිමින් ත්‍රිපිටකය ලඝු කරවන්නට ම කරන ව්යාප්රුති වගේ. අනවශ්‍ය පැටලීමක් කොත්මලේ හිමි කලේ. ධර්ම විකෘති සක්විති කිරිබතා ව කිසිසේත් නොපෙනේ එය හොරට නිදන කෙනෙකුගේ ලකුණු සහ රාජ්‍ය බිඳින රාජ්‍ය නොවන සංවිධාන වල ඉත්තෙක් වීමේ ලකුණු"
"Nemindra Sesathpura","","කුමාර කස්සප මුස්ලිම් කියපු එක ගැන කතා කරපන් වහලා"
"Jacob Fernandez","","Nemindra Sesathpura මුන්ගෙ නාමල්ටත් කඩේ යන, නානාසාරටත් සමාව දෙනින කියන තිත්තගල්ලෙ හාමුදුරුවන්ටත් මුන අරින ජාතියෙ සක්කිලි"
"Chethana Romesh Wijerathna","https://www.facebook.com/chethana.wijerathna.697280","Nemindra Sesathpura මම දාපු වීඩියො එකකත් එකෙක් ඇවිල්ල මුස්ලිම් උන්ට බනිනවා මටත් හිතාගන්න බෑ ඇයි කියලා 😂🤪🤔 මම මුස්ලිම් කියලා ඌම උපකල්පනය කරලා කොමෙන්ට් එකක් දාලත් ඉවරයි ගොඩක් උන් ඔහොම තමා උන්ගෙ ආගම්වාදී ජාතිවාදී අදහස් විවේචනය කරන බෞද්ධයන්ටත් අන්‍යාගමික ලේබල් අලවනවා 😂😂 වීඩියො ලින්ක් එක https://www.facebook.com/share/v/19XmvGV8k7/"
"Chethana Romesh Wijerathna","https://www.facebook.com/chethana.wijerathna.697280","Nemindra Sesathpura"
"Janaka Sanjeewa","https://www.facebook.com/janaka.sanjeewa.56884","කුමාර කශ්‍යප කියන්නේ හොද සිල්වත් භික්ෂුන් වහන්සේ නමක් ."
"Guththila Silva","https://www.facebook.com/kpsaranaguptha","තමුන්නැහේලා නියම බෞද්ධයෝ කියන්නද ඒ අම්මවයි හාමුදුරුවෝයි අල්ලගෙන වැරදි හොයාගෙන යන්නේ,,මේ සේරම දේවල් වෙන්නේ බුදුරජාණන්වහන්ස්ගේ ධර්ශනය තුනට හතරට කඩාගෙන එක එක විදියට දේශනා කිරීම කියල තමුසෙලාට හිතන්න මොලයක් නැද්ද,"
"Gyanchandra Shakya","https://www.facebook.com/gyanchandra.shakya.833123","Guththila Silva"
"Bhashitha Sandaruwan","https://www.facebook.com/bhashitha.sandaruwan.33","දැන් වනවාසී හාමුදුරුවන්ට ගහන්න පටන් අරං.ngo කාරයෝන්ගේ සල්ලි වලට අපේ හාමුදුරුවෝ අහුවෙලා"
"Gyanchandra Shakya","https://www.facebook.com/gyanchandra.shakya.833123","Bhashitha Sandaruwan"
"Meegahathanne Nanda Hamuduruwo","https://www.facebook.com/meegahathanne.nanda","ඔබේ උත්සාහය අගය කරනව පිංවත."
"Gyanchandra Shakya","https://www.facebook.com/gyanchandra.shakya.833123","Meegahathanne Nanda Hamuduruwo"
"තිත්ත උනත් ඇත්ත","https://www.facebook.com/people/%E0%B6%AD%E0%B7%92%E0%B6%AD%E0%B7%8A%E0%B6%AD-%E0%B6%8B%E0%B6%B1%E0%B6%AD%E0%B7%8A-%E0%B6%87%E0%B6%AD%E0%B7%8A%E0%B6%AD/100070445201408","උඹ ඇයි බං සිවුර දාලා ආවේ.. සැප මදි උනාද"
"Chathura Malwana","https://www.facebook.com/chathura.malwana","කවූද මේ ගණයෝ සිවුරටත් නිග්‍රහ කරන"
"Gyanchandra Shakya","https://www.facebook.com/gyanchandra.shakya.833123","Chathura Malwana"
"Bhikkhu Siddhaththa","https://www.facebook.com/bhikkhu.siddhaththa","ආනන්දසිරි ස්වාමින්වහන්සේට විවිධ චෝදනා නගන අයට උන්වහන්සේ කොන්දේසි විරහිතව විවෘත විවාදයකට එන්න කියල දිගින් දිගටම අභියෝග කරනවා. බුදුරජාණන් වහන්සේගේ කාලෙත් සච්චක වැනි උඩඟු වාදීන් බුදුහිමියන් හමුවට ආවේ තර්කයෙන් උන්වහන්සේ පරාජය කරන්නයි.   ​අද ආනන්දසිරි ස්වාමින්වහන්සේට මඩ ගහන, චෝදනා නගන කිසිම කෙනෙකුට ඒ විදිහට නිර්භීතව ඉදිරිපත් වෙන්න ධෛර්යයක් නැහැ. සමාජ මාධ්‍යවල හැංගිලා අසත්‍ය ප්‍රචාර පතුරුවමින්, විවෘත විවාදයට මගහරිනවා කියන්නේම ඔවුන්ගේ මතය අසත්‍ය බවත්, ආනන්දසිරි ස්වාමින්වහන්සේ නගන ධර්මීය තර්කය හමුවේ තමන් පරාජය වන බව දන්නා නිසාමයි."
"Gyanchandra Shakya","https://www.facebook.com/gyanchandra.shakya.833123","Bhikkhu Siddhaththa"
"Dg Sisira","https://www.facebook.com/dg.sisira.1","උඩ මලුවෙ පොර ගැනත් දාපන්කො බන්,"
"Wasantha Weerasingha","https://www.facebook.com/people/Wasantha-Weerasingha/pfbid02Wqjg9FRGG7NKPDdwrLUna4jWLTYwnwUBvmBYxgokNQp4aQDztMQWDiSuxrL9rXgFl","Dg Sisira  ඇයි මුකත් කරගන්න තියෙනවා වගේ උබට උඩමලුවේ පොරට කියලා"
"Malindu Dilshan","https://www.facebook.com/malindu.dilshan.9615","Dg Sisira උන්ගෙ ගොට්ටෝ මුන් 😂"
"Gyanchandra Shakya","https://www.facebook.com/gyanchandra.shakya.833123","Dg Sisira"
"Thamadara De Silva","https://www.facebook.com/thamadara.desilva","යසයි සංවරකම."
"Gyanchandra Shakya","https://www.facebook.com/gyanchandra.shakya.833123","Thamadara De Silva"
"Rohan Thalgaswatta","https://www.facebook.com/rohan.thalgaswatta","Mun denna chiwaraya මුවාවෙන් inna ,🐕🐕"
"Gyanchandra Shakya","https://www.facebook.com/gyanchandra.shakya.833123","Rohan Thalgaswatta"
"Jayarathna Thennakoon","https://www.facebook.com/jayarathnadjymax","අම්මත් පුතාටම හරියන බඩු කෑල්ලක් වගේ!"
"Nimal Uhanowita","https://www.facebook.com/nimal.uhanowita.2025","විකාර වැඩ නැතිවට වැඩ"
"Gyanchandra Shakya","https://www.facebook.com/gyanchandra.shakya.833123","Nimal Uhanowita"
"හේමන්ත නිලූෂා","https://www.facebook.com/hemantha.nilusha","මුන් සේරම වනචාරී......."
"Gyanchandra Shakya","https://www.facebook.com/gyanchandra.shakya.833123","හේමන්ත නිලූෂා"
"Bhanuka Jayawardana","https://www.facebook.com/bhanuka.jayawardana","ඇයි හාමුදුරුවෝ බං බෝලන් ගගා වදාරන්නේ"
"Arjuna Jagantha Munaweera","https://www.facebook.com/arjuna.munawera","Pissu yakek"
"Gyanchandra Shakya","https://www.facebook.com/gyanchandra.shakya.833123","Arjuna Jagantha Munaweera"
"Julampitiye Sagara","https://www.facebook.com/julampitiye.sagara","❤️.සම්මාසම්බුදු සරනයි නිදුක් නිරෝගීව කටයුතු කරන්න ලැබේවා"
"Roshan Erandika Alahakoon","https://www.facebook.com/roshan.alahakoon.169","Chiwaraya awiyak karagaththa ananayo kiyanne munta sasanaya kanawa"
"Upul Gamlath","https://www.facebook.com/upul.gamlath.2025","සුදර්සන කියන්නේ අසහන කාරයෙක්"
"Seewali Thero Mawathagama","https://www.facebook.com/seewali.thero.mawathagama","මුන් දෙන්න රඟපානව"
" ධම්මපදය Dhamma Padaya","https://www.facebook.com/people/%E0%B6%B0%E0%B6%B8%E0%B7%8A%E0%B6%B8%E0%B6%B4%E0%B6%AF%E0%B6%BA-Dhamma-Padaya/61593361642213","චාමරත් මේ වගේ දේවල් කරේ තියාගෙන දුවනවා... දැනුමක් ඇති හාමුදුරුවන් බව වැටහෙන අතරම ඒක විසදා ගැනීම උන් වහන්සේලාට බාරදී ඔබ ඉන් ඉවත් වීම මැනවි."
"Dilip Indika","https://www.facebook.com/dilipmgd","අඩෝ සල්ලි වලට සක්කිලි වැඩ කරන පර හැත්ත තොපිට හෙනගහනව යකෝ ,"
"Bimal Siriwardana","https://www.facebook.com/bimalsiriwardana","මුන් ඔක්කෝම චීත්ත කෑලි."
"It Just Happened","https://www.facebook.com/people/It-Just-Happened/61589185726758","මෙන්න මේක ගැනත් කතා කරනවා නම් තොරතුරු දෙන්නම්. ඕනෑ තරම්."
"Virajtissa Kumara","https://www.facebook.com/virajtissa.kumara.2025","තිත්තයා 🐂🐂"
"Ven P Sagara","https://www.facebook.com/svarnadeva.thero","චාමර ඔයා පැත්තක් අරන් නැති ගැටුම් අවුලන්න හද්න්න එපා, ඔය ලයිව් එකට කලින් වැවසටහනකදිම සුදස්සන හාමුදුරුවො ආනන්දසිරි හාමුදුරුවන්ට ඔය විස්තරේ කියනව. ඔය ඔක්කොටම කලින් කුමාරකස්සප හාමුදුරුවොත් තමන්ගෙ හිතලුවට ඔය කියන සටහන පලකරල තියෙනව ඒකට පිළිතුරක් තමයි ඔතනදි දෙන්නෙ.  මතගැටුම් සමථ වෙන විදිහටයි හැමෝම කටයුතු කරන්න ඕනෙ. මෙතන කවුරුත් මිනීමැරුම්,හොරකම්, දූෂණ කරපු මිනිස්සු හෝ ඒ ආකාරයේ කාරණා පිළිබද ගැටුමක් නෙමෙයි තියෙන්නෙ.කරුණා කරල මේ අදහස පිළිබඳ අවධානය යොමු කරන්න."
"SathSarani RathNayake","https://www.facebook.com/sathsarani.rathnayake.326885","Ven P Sagara kohomath oya gani thambi thamai . Hamuduruwo a issara kiyala thibba . Ubala wage un paw"
"Ishanka Indika","https://www.facebook.com/ishanka.indika","Moda gonek"
"Chandana Kumara Kadigamuwa","https://www.facebook.com/ChandanaKadigamuwa","ඔබතුමාට  බොහොමත් ම පිං මේ මිසදිටු භික්ෂු ප්‍රතිරූපකයො දෙන්නගෙ බොරුව ලෝකයට හඳුන්වා දෙනවට."
"Nipuna Roashan","https://www.facebook.com/nipuna.roashan","ආරාදනා කරල තියනව නේද ලයිව් discussion එකකට කරපල්ලකො 🤷‍♂️ ඉවරනෙ"
"Wbn Witharana","https://www.facebook.com/wbn.witharana","API KAGEWATh waradi hoyanna epa budu hamruwange bana hari sarali bro api yamu"
"Gyanchandra Shakya","https://www.facebook.com/gyanchandra.shakya.833123","Wbn Witharana"
"Chinthaka Maddumaarachchi","https://www.facebook.com/chinthaka.maddumaarachchi","මොනව උණත් සුදස්සන ස්වාමීන් වහන්සෙ ... බුද්ධිමත්ව සංවරව කතාකරනව.. අනිත් ගොන්වහන්සෙනම්... මෙලෝ රහක් නෑ ."
"Leslie Fernando","","Chinthaka Maddumaarachchi සුදස්සන කියන්නෙ කපටි නරියෙක්"
"Gyanchandra Shakya","https://www.facebook.com/gyanchandra.shakya.833123","Chinthaka Maddumaarachchi"
"Tharinda Dissanayake","https://www.facebook.com/tharinda.dissanayake.1","THITHTHAYA aarala thiyana widiha.. AWA...kaya...thuuk witharak..."
"Sugath Fonseka","https://www.facebook.com/sugathfonseka05","මේ කරන්නෙත් සංඝා භේද බින්න කිරීම.පාප කර්මයක්ම තමයි.කර්මය සිතුවිල්ලටත් ඇති.ගෙවන්න වෙන්නෙ පොලියත් එක්ක.ශාසනයෙ ප්‍රශ්න ඒ අයට විසඳගන්න ඉඩදෙන්න."
"අංජන ආරියරත්න","https://www.facebook.com/km3hbryu46","මේකෙන් දැන් රටට ඇති වැඩේ මොකක්ද"
"Bowe Kareyawasum","https://www.facebook.com/bowe.kareyawasum","Me kalakanne sakkeli kanna natuwa mahanawela mahasangayata apahasa karanawa me hamuduruwo nawai bamuno kassapa swamin wahansa oba wahanseeta teruwan saranai ape hamuduruwanee"
"Banthe Piyananda Suriyagoda","https://www.facebook.com/piyananda.suriyagoda.54","ශාසනය අවභාවිතා කල පසු අසරණ වෙනවා"
"Ganga He Ttige","https://www.facebook.com/ganga.he.ttige.2025","අද පව් කාරයෝ වීරයෝ වෙලා පව් කාරයාට ඕන අපරාධක් කරන්න පුළුවන්"
"Gyanchandra Shakya","https://www.facebook.com/gyanchandra.shakya.833123","Ganga He Ttige"
"Prasanna Buddika","https://www.facebook.com/prasanna.buddika.897777","මුං බෞද්ධ උනාට මුං කෙනෙක් වත් පොතේ උගත්තු විතරයි බුද්ධිමත් නෑ ගොං හරක්"
"Gyanchandra Shakya","https://www.facebook.com/gyanchandra.shakya.833123","Prasanna Buddika"
"Sarath Dambagolla","https://www.facebook.com/sarath.dambagolla","මොකක්ද මේ ශාසනයට කරන්නේ.සිවුර ඇඳුමක් විතරක් කරගෙන බීඩි කොට ගගහා බෝක්කූ උඩ ඉන්න රස්තියාදුකාරයෝ වගේ . ඔය පාවිච්චි කරන භාෂාව මෙලෝ රහක් නෑනේ.මහලොකු උගත්තු කියල නේද කියන්නේ.මුලින්ම ශ්‍රමණ සාරුප්‍ය රැක ගත්තේ නැත්නම් අනේ අර අහිංසක ගමේ ඉන්න සිල්වත් අපේ හාමුදුරුවන්ටත් පන්සලක ඉන්නෙ නැති වෙනව.නිරාගමික කල්ලතෝණයෝ සිවුරුදාගත්තහමත් ඔය වගේමයි.කාලයක් තිස්සේ මිනිසුන්ගෙන් පුද සැලකිලි ලබපු බුද්ධ චීවරය දරා ගත්ත අය නේද මේ. කොහොමත් ඔය ක්‍රියාත්මක වෙන්නේ ලේ වල තියෙන දේවල් තමයි...නිකං මිනිස්සුන්ට පව් දෙන්න එපා."
"Gyanchandra Shakya","https://www.facebook.com/gyanchandra.shakya.833123","Sarath Dambagolla"
"Rachitha Lasantha","https://www.facebook.com/rachitha.lasantha","හීරලෞවා අනේබං උබට බැරිහින්න්දා අත ඇරලා ඇවිත් දැන් සාසනේ හදන්න හදනවා"
"Ravindra Wadumeisthrige","https://www.facebook.com/ravindra.meisthrige","මෙ හාමුදුරුවරුන්ට බුදු දහමෙ සරල තෙරුම වත් අවබොධය ක් නැහැ.එකයි මෙ ගිහියන්වත් නොකරන පහත් වැඩ කරන්නෙ.තිත්ත වැඩ මේව.මෙ අපහාසය ගැරහීම මහා සංගරත්නයටමයි.පැවිදි වීමෙ අරමුණ ගැවිල වත් නැහැ.ඉතාමකනගාටුදායකයි"
"Anura Ekanayake","https://www.facebook.com/anura.ekanayake.311","Thpita wena weda nadda yako"
"Anura Anura","https://www.facebook.com/anura.anura.417206","මේ ඉන්නෙ ඝනින්නාන්සෙලා ගේ පරපම්පරාවෙන් පැවැත කහසිවුරු පොරවන් ගීහී කටයුවල යෙදෙන්නන් ලාභ අපේක්ෂාවෙන්.මේ අය කියන කරන දේවල් එක්ක සම්බුද්ධ ශාසනය සම්බන්ධයක් නැහැ.මේ මිනිස්සු ලග බුදු හාමුදුරුවො දේශනා කල විනය නැමැති උතුම් කාරණයේ කිසිදු පඩරැලක්වත් ගෑවිලා නැහැ.පව් මේ  අසරණයො.මෙතරම් උතුම් සද්ධර්මයක් පවතිද්දි පැවිදි බිමටත් පිවිසිලා ධර්මානුගත මාර්ගයෙන් ආත්මය ශක්තිමත් නොකට ගෙන  නිශ්සාර කටයුතු වල යෙදෙන්නෙ හිස් අතින් මොන තැනකට යන්න හිතාගනද මන්දා."
"Chandrasiri Ranadheera","https://www.facebook.com/chandrasiri.ranadheera.1","සුදස්සන හිමි මිථ්‍යාව ට ගහන කොට දානමාන, සිව්පසය, පිරිකර  පන්සල්  වත්කමි නොලබේ යයි භියට  පත් භික්ෂූන් ගෝල බාලයෝ  ලවා පුස් වෙඩි දමති."
"Tilak Wijesinghe","https://www.facebook.com/tilak.wijesinghe.1","මේ සංසාර ගමන අවසන් කරන්න ආව බුද්ධ පුත්‍රයන් හැසිරෙන ආකාරය අසික්කිතයි ආනන්දසාර"
"Cham Weraduwage","https://www.facebook.com/chamnalinda.chamweraduwage","අනුන්ගේ දේවල් හොයන්නැතුව මේ සසර ගමන මේ ලැබුන මනුෂ්‍ය ආත්මයෙන්ම කෙලවර කරගන්න හිතුවනම් නරකද.කාශ්‍යප වත් සුදස්සන වත් ප්‍රස්නයක් කරගන්නැතුව."
"Sunimal Abeyrathne","https://www.facebook.com/sunimal.abeyrathne","මේ න්  අලුත් ම  නාට්‍ය"
"Saman Kumara Gunasekara","https://www.facebook.com/saman.kumara.gunasekara.2025","තිත්‍තෙයි කැකිරෙයි විනෝද සමයo වැඩසටහන නැවත පටන්ගමු, හාද  Nihal Kumara  Sisira Kumara Kanishka Dilshan Ashan Perera Kasun Sanjeewa"
"Nihal Kumara","https://www.facebook.com/people/Nihal-Kumara/61550759475960","Saman Kumara Gunasekara  ව්නෝද සමය තමා ...😀"
"Mekhala Wimalasiri","https://www.facebook.com/mekala.wimalasiri","මේ අලුත් හාමුදුරුවරුන්ට  පිස්සු.මම  නම් රේරුකානේ හාමුදුරුවො වගේ හුඟක්  සිල්වත් හාමුදුරුවරු ලියපු පොත් බලන්නෙ.ඒ කාලෙ හාමුදුරුවරු ධර්මය  විකුර්ති කරන්න බයයි.බුදුන්වහන්සේට  පුදුම  ගව්රවයක්  තිබුනෙ,ඒ  පොත් හොයල බලන්න. ඒ අනුව පිළිපදින්න. මේ ගොල්ලන් එයාලට හිතෙන හිතෙන  දේවල් දොඩවන්නෙ."
"Amila Jeewantha","https://www.facebook.com/jeewantha2008","එහෙනම් ඉතින් බොරු කියන එක පරම්පරාවේ පුරුද්දක්"
"Bms Balasooriya","https://www.facebook.com/bms.balasooriya.79","සුදස්සනල වටේ ගිය තරම කොතරම්ද කීවොත් දැන් ප්‍රශ්නෙයි උත්තරයි පට්ට විධියට සංකීර්ණ වෙලා නෙහ්."
"Indika Chandimal Sahabandu","https://www.facebook.com/indika.chandimal.5621","Bms Balasooriya තිත්තගලේට..ඥනසාරලට ..කඩෙි යන ඔයා ගැනනමි සතුටුයි..."
"Bms Balasooriya","https://www.facebook.com/bms.balasooriya.79","Indika Chandimal Sahabandu  තිත්තගල්ලයෙක් නම් මම දන්නෙ නැහැ හැබැයි ඥානසාර හාමුදුරුවො නම් මුන් වගේ බුදු දහම විනාශ කරන්නෙ නැහැ ඕයි."
"Indika Chandimal Sahabandu","https://www.facebook.com/indika.chandimal.5621","Bms Balasooriya ඉතිං ඔි⁣යි බලනවකෝ..වීඩියෝ ටික..🤣🤣"
"Bms Balasooriya","https://www.facebook.com/bms.balasooriya.79","Indika Chandimal Sahabandu  මම මොකටද ඕයි මගෙ වටිනා කාලෙ කන්නෙ මේ වගේ අපතයින් වෙනුවෙන් පේන්නෙ නැද්ද මේ හිඟන්නො මෝක්කුද ,"
"Kasun Perera","https://www.facebook.com/kasun.perera.37819959","Paka wesige siuru karayo mun hinda argamata wena de maranna ona munwa amu amuwe kalakanni hatta"
"Sanjaya Samarakoon","https://www.facebook.com/sanjaya.samarakoon.3","Ade ubta සනීප ne සහෝදරයා"
"Chani Samarakoon","https://www.facebook.com/profile.php?id=61585011301908","තිත්තගල්ල තිත්තෙන් තිත්තයි 🤮🤮🤮"
"Santhi Rajakaruna","https://www.facebook.com/santhi.rajakaruna","ඉතින් මුස්ලිම් උනා මොකද ලංකාවෙනි"
"Lalith Amarasinghe","https://www.facebook.com/people/Lalith-Amarasinghe/pfbid0ZVPwDdEKunDc8SAKouemJfAp54pSQfxPKVdK4Vfof77dNbHKZUeA12XrV63R4ytWl","😌😌😌 බෞද්ධයින්, බෞද්ධයින් මෙහෙම වාදවිවාදකරගන්න එක හරිම අශෝභන දෙයක්."
"Ruwini Kodituwakku","https://www.facebook.com/ruwini.kodituwakku","මේ මහත්තයා ,මේ කරුණු ,සියුම්ව තර්කානුකූලව පැහැදිලි කරන ආකාරය ඉතා හොඳයි ."
"Jayalath Witharana","https://www.facebook.com/jayalath.witharana.872560","හාමුදුරැවාෙ යන්න 👶ඔනඳ"
"Yatiyana Nandalankara","https://www.facebook.com/yatiyana.nandalankara","තිත්තගල්ලේ මහා පිස්සෙක්නේ"
"Chaminda Sudharma","https://www.facebook.com/chaminda.sudharma","තිත්තගල්ලෙ කියන්නේ  බේබිට කඩෙ යන සිවුරු රදවනයාද"
"Jacob Fernandez","","රට ඉන්න මනුස්සයෙක් ලංකාවට ආව වෙලාවක දානෙ දෙන්න පෑ කියලද දන්නෙ නෑ මූ කියන්නෙ  රට ගියා කියලා මිනිස්සුන්ට ගෙවල් හදාගන්න පුළුවන්ම රටක් තමයි උඹලගෙ හාම්පුතාලා ඉතිරි කලේ"
"Amila Pradeep","https://www.facebook.com/amila.pradeep3","මරු මරු තිත්ගල්ලලා කුමාර කස්සපලා නාමල්ට එකය කඩේ යනවා. මේකලා වෙන වෙනම ගහගන්නවා. සුදස්සනත් වෙනම පොලිටිකල් ප්ලෑන් එකක් කරනවා."
"Sampath Ranasinghe","https://www.facebook.com/sampath.ranasinghe.98","හාමුදුරුවන්ව සැප විදින්න උදව්කරන එකෙක් මේ පෝස්ට් එක දාල තියෙන්නෙ.මුත් අර දැන් සැප විදින ගනයන්ට උදව් කරන එකෙක්.සුදස්සන හාමුදුරුවො මිත්‍යාවෙන් ඇත්ත වෙන්කරල පෙන්වන හාමුදුරුවො කෙනෙක්.මීහරක් දායක සහභාව කුලප්පු වෙලා😀මේ පෝස්ට් එක දාපු හරකා හාමුදුරුවන්ගෙ ආවාසෙට රිංගන එකෙක්"
"Charith Madugoda","https://www.facebook.com/charith.madugoda","සිවුර පෙරෝගත්ත පින් පියෝ දෙන්නෙක් ශාසනය විනාශ කරමින් සිටි. ශාසනය සුරක්ෂිත කිරීමට රටේ නායකයා නීතියෙන් බැඳී සිටියද මෙවන් අපරාධ ඉදිරියේ නිහඬ පිළිවෙතක් අනුගමනය කිරීම අනුමත නොකරන අතර. බෞද්ධ ජනතාවගේ ඉවසීම නුදුරේදීම අවසන් වනු ඇත.රට යහපත් ගමනක් යනවයි පැවසීම මෙයද.සම්බුද්ධ ශාසනය විනාශ කරන මෙවන් පාදඩයින් නීතියේ රැහැට හසු කර ගැනීමට බුද්ධ ශාසන ඇමතිටවත් කොන්දක් නැත්නම් එය නිරාගමිකයකුට නොව පිරිසිදු සිංහල බෞද්ධයෙකුට ලබා දෙන මෙන් අතිගරු ජනාධිපතිතුමන්ගෙන් ඉල්ලා සිටිමු.එසේ නොවෙන්නේ නම් අශ්වයා පැන්නට පසු ස්ථාලය වසා වැඩක් නැති බව මතක තබා ගන්න"
"Hasantha Diguneth","https://www.facebook.com/hasantha.diguneth.1","ඔබතුමන්ට තෙරුවන් සරණයි..මේක තමා අපේ මහත්මයා පිරිහීම..මේක නතර කරන්න බෑ..උපරිමයෙන් වීරිය කරල මේ අවබෝධය ගන්න..මෙකෙන් පනින්න.."
"Shamith Muthukumarana","https://www.facebook.com/shamith.muthukumarana","Dennama ekama stage ekakata awit sanwada karnm harine...."
"Shelton Kurukulasooriya","https://www.facebook.com/shelton.kurukulasooriya","Niwedakaya maha modayek."
"චන්දි හෙට්ටිආරච්චි","https://www.facebook.com/dtt1lgt0tq","ඔබතුමා තව තවත් මේ ලෙස කුණු හොය හොයා මේ ස්වාමීන් වහන්සේලාට අපහාස කරමින්    මිනිස්සුන්ගේ සිතිවිලි තුල පාපකාරී අසහනකාරී දේවල් ඇති කිරීමෙන් රැස් කරගන්නා පාපය සුළු පටු  නෙමෙයි.."
"Malith Hasanga","","මේ ඕයී අයියේ බොරුව්ට නිකම් විඩීයෝ දදා ඉන්නේ නැතුව ඒ ස්වාමින් වහන්සේ එක්ක මූනට මූන හම්බ වෙලා සාකච්ඡා කරලා වීඩියෝ එකක් දානොකෝ මම මේ ඇත්තටම අහන්නේ ඔහේට කොන්දක් පන නැද්ද"
"Samantha Thenuwara","https://www.facebook.com/samantha.thenuwara.2025","Ane gonnune bawdda darshanyata anuwa giwath weyalla apagatha Novi.."
"Asanka Wickramarathna","https://www.facebook.com/people/Asanka-Wickramarathna/pfbid02AxFyXSGYyseoiiy3MNQ2uSYKmUcWTdknpGvXpARfvNJTzGmeL3zSCmTxGPx8QXLvl","මාර තර්කයක්...පල ගොතයා"
"Mali Mali","","තිත්තගල්ලේ කියන්නෙත් ඤානසාරගේ අවතාරයම තමයි.මෙි ඔක්කෝම එලවලා සාසනය පිරිසිදු කරන්නම ඔිනි."
"Ranjith Gunasekara Gunasekara","https://www.facebook.com/ranjithgunasekara.gunasekara.5","වැඩ සටහනේ ඉලක්කය මම දන්නේ නැ ඒ අම්මා කිව දේවල් 100% නිවරදියි කියලා විතරක් කියන්න පුළුවන් එම පවුල හාමුදුරැවෝ දන්න නිිසා එම මතයන් ගැන මොකවත් නොකියා ඉන්නමි"
"Keshan Kularathne","https://www.facebook.com/keshan.kularathne.7","Track d bn ubta"
"Kelum Wickramasinghe","https://www.facebook.com/kelum.chaminda.31","බලන් ගිහාම නිගණ්ථයෝ බමුණෝ හැම තැනකම… කාටද තථගතයන් මුණ ගැහිලා තියෙන්නෙ..?"
"Asanka Ranasinghe","https://www.facebook.com/upe.will","භික්ෂූන්ට මේවා සුදුසු නැත"
"Dehinga Smith Thabrew","https://www.facebook.com/smith.dehingathabrew","මූ හාමුදුරු කෙනෙක් නෙමේ. මූ නික සිව්‍රක් දාගත්ති ගිහියෙක්..."
"Sadheera Gunathilaka","https://www.facebook.com/sadheera.gunathilaka","පිළිතුර madi labunoruwt dane dunna kiwwe kumara kasspat newe chamara tawa study krnna."
"Ashen Menuka Nehinnage","https://www.facebook.com/ashenmenuka.nehinnage","වරදක් හොයාගන්න බැරිව වීඩියෝ එකේ කොහේ හරි කෑල්ලක් අල්ලන් ගහන්න හදන උත්සහය සාර්ථක නෑ. පීචං ඔයි පීචං, තමුසෙ කඩේ යන උන්නාංසෙලට  කියනව ගිහින් සුදස්සන හාමුදුරුවො නිකායෙන් අයින් කරන්න දීපු හේතු ටික ගැන සංවාදයක් කරන්න එන්න කියල දැන්වත්. කුමාර කස්සප ස්වාමීන්වහන්සේ, ට පුලුවන් නම් දාර්ශනික කරුණු ගැන කතා කරන්න එන්න කියල කියන්න. මහ බියගුලු කොන්ද පණ නැති පාංකඩයො සසුන ඇතුලට රිංගගෙන ඔලුවක් තියෙන මිනිස්සුන්ව, ප්‍රශ්න කරන මිනිස්සුන්ව මර්දනය කරනව පැමිණිලි දදා. ඊයා 😅"
"Sandun Jayasooriya","https://www.facebook.com/profile.php?id=622403895","Oya degolloma baila kaarayo!!!  Kassapath ekai thitthagallath ekayi."
"Jayantha Kumburegedara Jayantha","https://www.facebook.com/jayanthakumburegedara.jayantha","කොත්මලේ කුමාර කශ්‍යප කියන්නෙ මගේ පන්තියට එක් පන්තියක් උඩින් හිටපු අපි දන්න මගෙ යාලුවෙක්..මොඩි අපි 8 වසරෙ ඉද්දි උන්නාන්සෙ මහන උනෙ කොත්මලේ මම දන්න උන්වහන්සේ නමක්"
"Waruna Kumara","https://www.facebook.com/udaya.kumara.861360","මේක කියවන තමුනුත් කාගෙන් හරි කීයක් හරි අරගෙන නේද ඔය ගොන් කතා කියවන්නේ"
"Upul Thushara Rathnayake","https://www.facebook.com/upulthushara.rathnayake.1","මුන් ට මොන පාර්ලිමේන්තු පනතක් හදල හරි වෙනම නීතියක් ගේන්න ඕන තදින්ම නැත්න්ම් තවදුරටත් මේවගේ හිපාටු චීවරධාරින් ට ඕන විදිහට නෙයියාඩගන්න  කරන්න ගත්තොත් රටේ සංස්කෘතියකට ආගමක ට දෙයියන් ගෙ පිහිටයි,  මේ තිත්තගල්ලය නම් ශාපයක්"
"Chamara Dasun Vithanage","https://www.facebook.com/chamaradasun.vithanage","තිත්තගල්ලයට අල්ලන් කෙලිනව් වෙලාවක"
"Nimal Rajasinghe","https://www.facebook.com/profile.php?id=100001646690038","සුදස්සන නමි ජරාම මිනිහෙක්."
"Susantha Susantha","https://www.facebook.com/hususantha.susanth","බොළඳයි........... පුංචි ළමයි ප්‍රශ්න විසඳන්නෙත් ඔහොමයි."
"Chamara Sooriyabandara","https://www.facebook.com/chamara.sooriyabandara.50","මෙයාට අම්මා විතරයි නේද ඉන්නේ තාත්තෙක් නැනේ"
"Anil Manamperi","","මේ සම්බන්දව ඔබට තියන ගැටලුව මොකද්ද ඔබත් පුද්ගල සරණ ගිහිල්ලා කියන එකයි පැහැදිලි එකම කාරනේ"
"Gyanchandra Shakya","https://www.facebook.com/gyanchandra.shakya.833123","Anil Manamperi"
"Darshana Muthuwadige Chari","https://www.facebook.com/charita.darshana","ඉතින් ඒ අම්මා සිංහල නේ මම ත් හොදින් දන්නවා"
"Senarath Bandara Bandara","https://www.facebook.com/nishan.ranasingha.98","මෙිවගේ චුන්ල නිසා බවුද්දයාට හිරිකිතයි එකනේ වෙින අගමි හොයන් මිත්යා පසු පස යන්නේ🔥🔥"
"Nishan Kumar","https://www.facebook.com/nishan.kumar.779476","අැ පකයෝ තිත්ත ගල්ල අර පන්සල් කඩනව ගිහිල්ල දාපන්කො ඔය පාටි අර Ltt එවුන්ට කාලකන්නි හැත්ත"
"Kithsiri Wikramathunga","https://www.facebook.com/kithsiri.wikramathunga","I think.amma.muslim.unth.mokda"
"Sujeewa Rathnayaka","https://www.facebook.com/sujeewa.rathnayaka.58","අයියෝ මේ හාමුදුරු වරුන්ගෙ දේවල් වලට ගිහියො මැදි වෙලා සංඝ භේද පාපකර්මය කරගන්න එපා.පාඩුවෙ හිටහල්ල.අනික මේ හිවල්ලුන්ට සිවුරු පොරවල උන් යන යන තැන හූ කියනව,"
"Sameera Gamage","https://www.facebook.com/sameera.gamage.879076","තිත්තගල්ලේ හාමුදුරුවෝ කතා කරන විදිය හාමුදුරුකෙනෙකුට ගැලපෙන්නේ නැහැ."
"Wangeesa Wangeesa","https://www.facebook.com/wangeesa.wangeesa.2025","Aparade dane dunne.kiyawanna dewal  newe dan dena eka.e tharamata heena pahath thathweta pathwela.asaranawela"
"Rude Bwoy","https://www.facebook.com/profile.php?id=100005042438617","😂😂😂pissu"
"Witson Macleyard","https://www.facebook.com/sayuri.gunawardana.71","මුන්ට ප්‍රත්‍ය දෙන එවුන්ට ගහන්න ඕන.ඔය නැටිල්ල වැඩි කල් නෑ.ලියල තියාගනිල්ල"
"Priyanga Perera","https://www.facebook.com/priyanga.perera.893819","ගලගොඩඅත්තේ ඥානසාර හිමියන්ට අත්සන් කිරීම පටන් ගත්ත නිසා ද බං මේ වීඩියෝ එක හැදුවෙ.. ඊට කලින් දැම්ම නම් හොඳයි. ඒ උනාට ඇත්තටම සත්ත්ව ගති ලක්ෂණ වීඩියෝව හදන්න එපා.. එකෙක් ගහනකොට අනිත් අය හුරේ දාන හරක් බලපල්ල මේක දාන්නෙම ඩෝබිලට. අත්සන් කරයි කියල බයවෙලා.. මේ ගානට බය ද ගලගොඩඅත්තේ හාමුදුරුවෝ එක්ක තියන ඇරියස් එකක් නෙ බං. නැත්නම් තිත්තගල්ලේ කාවද ඉල්ලුවෙ.?"
"Chameera Sampath Weerasingha","","සක්කිලි හාමුදුරුවෝ දෙනමක්"
"Nuwan Gamage","https://www.facebook.com/profile.php?id=100021436758694","ජාතකේ හොයන්නෙ ඇයි ගැනු වගෙ කෙනා වැඩක් නැ කියන්නෙ මොකද්ද කියල ඔලුවට දාගන්න බලපියව් තර්කන හැකියාවක් නැති උන්ගෙ ගොබ්බ ගති .අනුන්ගෙ රෙද්දවල් හොයන එක . මුල ඉදලම උන්වහන්සේගෙ සකච්චා බලපු අයට තේරෙනව උන්වහන්සෙ සාසනයට කරන්න හදන සේවාව .මිත්‍යෙවන් බුද්ද දර්ශනය වෙන් කර හදුනාගන්න බුද්දිමත් මිනිසුන්ට පිටුවහලක් මෝඩයන්ට අන්ද බක්තිකයන්ට හොර ගනගෙඩියන්ට ඇලජික් . මඩ ගහන්න තැනක් හෙව්වට වැඩක් නැ ඇත්ත වහන්න බැ"
"Mirel Velonas Jorham","https://www.facebook.com/mirelvelonas.jorham","නාමල් : අයිසේ අර හරකා.. මොනවාද කරන්නේ..  මිලින්ද : ඇයි සර්..  නාමල් : තිත්තගල්ලයාට ගහන්නේ.. පිස්සුද ඒ *ත්තාට.. තිත්තගල්ලයා මේ වෙලේ මට කඩේ යනවා. මේකා උත්තක් කරනවා. උඹලා වගේ වහු පට්ටියෝ එක්ක දේශපාලනය කරනවාට වඩා මම මෙහේ ඉන්න එක සැපක් යකූ.."
"Nilan Anuruddha","","රාගය ද්වේශය මෝහය  වපුරනවා හැහතැම  නැත නිවනක් මෙහෙම ගියොත් අපි සසරේ හැමදාම…..💀"
"Dilan Maduranga","https://www.facebook.com/dilan.maduranga.9041083","Minissuma munta gahanna ona siura Dan apahasa karana kallathoniyo denna."
"Jagath Chandana","https://www.facebook.com/jagath.chandana.5011","Ththanagallela game karayo munwa sasanen elawanna one"
"Mahesh Lasan","https://www.facebook.com/mahesh.lasantha.33","සම්බුද්ධ ශාසනය විනාශ කරන්න ආපු  මාරපුත්‍රයෝ දෙන්නෙක් කොහොම පවක්ද මේ මිනිස්සු බුද්ධ චීවරයක් දරාගෙන දැන දැන  කරගන්නේ ධර්මයක් ප්‍රායෝගිකව ගෑවිලාවත් නැති ජීවිත  🙃"
"Ruwan Ratnayake","https://www.facebook.com/ruwan.ratnayake.71","අප්පා මුස්ලිම්"
"Susitha Kumara","https://www.facebook.com/susitha.kumara.470117","දැන් උබට තියෙන පුකේ අමාරුව මොකද මේක ට වැලලෙන්නේ.පාඩුවේ ඉදහන් .🤣🤣"
"Dilip Silva","https://www.facebook.com/dilipthushara","Ubata trac da yako"
"Manel Bandara","","තමන් කරන පව් වලට අම්මව සම්බන්ද කරන්න එපා.. මොකෝ.. කල්ප කෝටි ගානක් ලෝකට වෙනුවෙන් දුක් විදපූ සාස්තෘවරට ගරුත්වයක් විශ්වාසයක් නැති .. ගැබැයි උන් වහන්සේගෙම දරම කරුනු සහ සියුරෙන් ජීවත් වෙන, තමන්ට විශය නොවන දේ බොරු කියල සමජ ගත ගකරනන් උත්සාහ කරන ..පව් කාරයො අම්මවත් මේ පව් වැඩවලට සම්බන්ද කර ගන්න යන්නෙ...!!!!"
"Sandaruwan Samarakkody","https://www.facebook.com/sandaruwan.samarakkody.2025","Thiththagalla thamanta වැරදුනා kiyala anith අයටත් waraddanna epa.paaduwe inna.suddasana gona kiyanna මුළු ratama danna කාරණාවක් .oya nm kalin hodata hitiya.oyaata eka thenak weradunaa.eka piliaran pls anith ayata waraddanne nethiwa paduwe inna."
"Emwasantha Kumra Kuma","https://www.facebook.com/wasanthakumra.kuma","මුස්ලිමි ද කිුස්තියානිද කියන එක නෙවෙයි පුෂ්නේ.දහම වෙනස් කරලා විනාස කරන එකයි වෙනස.මෙතන ජාති බෙිදයක් නැ.සුදස්සනලා නැවත මෙිවගේ සාසනයට පහර ගහනවනමි ගහලා එලවන්ඩ ඔිනා සිවුර ගලවලා"
"Chopsi Francis","","තිත්ත ගල්ලෙයා නං විකාල භෝජනා වේරමණී සික්සා පදය හොදට පිලිපැදලා, පැය 24ම කෑවත් මේ ගානට මහත් වෙයන්කෝ බලන්න උපාසකයෝ."
"Yasas Liyanage","https://www.facebook.com/yasas.liyanage.792","තිත්ත ගල්ලේ එක පැත්තකින් නාමල් රාජපක්ශට කඩෙ යනව..තව පැත්තකින් කැකිරාවෙ උන්නාන්සෙට කඩෙ යනව...😥"
"Dilshan Sandun","https://www.facebook.com/dilshansandunkuara.dilshan","ඊලගට ඥානසාර ට එහා ගේමක් ගහනවා මෙන්න මේ pnnyaa 😌"
"Anura Dharmadasa","https://www.facebook.com/anura.dharmadasa.2025","අයියෝ අපි නොදන්නා ලබුනෝරුව. මරදන්කඩවලට අල්ලපු ගම"
"Kumara Senarath","https://www.facebook.com/kumara.senarath.14","මේ හිමිවරුන් තිදෙනාම ගැන නොවේ....ඔබතුමා අන්තිමට කියූ කාරනය ගැනයි ප්‍රශ්න්‍රෙ ..2022 කාටවත් කොහේවත් කියූවායැයිජ කියන එකක් හගිස්සවන්න යෝජනා කිරීම තුල ප්‍රශ්නයක් පැන නගිනවා නොවේද ???හිමිවරුන් ගැන කිසීම ප්‍රශ්න්‍යක් මට නැත....උන් වහන්සේලා දේශනා කරන දේ ගැනත් ප්‍රශ්න කරන්න යන්නෙත් නැත."
"Chamila Bac","https://www.facebook.com/kingbacp","Thiththagalle  ස්වාමින් වහන්සේට උන දෙයක්  😥😥😥"
"Jagath Kalum Wijewardana","https://www.facebook.com/jagathkalum","කුමාර කස්සපටත් කඩේ යන්න උනානේ අම්මපා🤣"
"Lahiru Anjana","https://www.facebook.com/lahiru.anjana.5070","Pqpaa"
"Chandodaya Thero","https://www.facebook.com/chandodaya.thero","Ngo සිවුරු කාක්කො දෙන්න"
"Eshan Madushanka","https://www.facebook.com/people/Eshan-Madushanka/61579362193482","Uba maraaa gawesakayaaa thaniyen gon vichara denne natiwa oya degollontama eka thanakta genat hoda sawadayak tyapankoooo ethkota kauda atta kynne boru krnnee kylaaa terei 🤣🤣🤣"
"Sandaru Sanz","https://www.facebook.com/sandaruwan.herath.58","Anunge kunu auusa aussa wives higakanna epa bm.. samjeta denumak denna balapn"
"Sajith Sankalpa","https://www.facebook.com/profile.php?id=100001558241279","NPP ඩෝබි  හරි සන්වර ව, vedio දානවා. මේ හාමුදුරුවොත් සාසනය විනාශ කරන්න හැසිරෙනවා. බුදු හාමුදුරුවෝ දේශනා කරපු ලෙසට, මුන් හරියටම ඔක්කොම  අන්ධබාල උන්මත්තක පෘතග්ජනයෝ. මේ vedio එක දාපු  එකයි, මේ හාමුදුරුවොයි, මේ සාසනය කහ නුලට ගෙනියන ගමන ඉක්මන් කරනවා. 🥲 තව පැති පැති වලට coment දදා  අනිත්  උනුත් කරන්නේ ඒකම තමයි."
"Hasitha Dananjaya","https://www.facebook.com/hasitha.dananjaya.444896","ඔක්කොම ලබු තමා.වෙන මොකදෑ ඉතින් 🤣🤣🤣🤣"
"Aloko Udapadi","https://www.facebook.com/o9u0f9fj26","18 / 20 අදහන්නෙ මොන ආගමද 🤣😂"
"Ajith Kumara","https://www.facebook.com/ajith.kumara.125","ඕව ඔක්කොම වැඩක් නැති කතානෙ..... කැකිරාවෙ අම්ම මුස්ලිම් කතාව කීවෙ ලබුනේරුවේනෙ.. ඒව නෙමෙයි කතා.... ඇත්ත කතාව ධර්ම කරුණුවල ගැටීම​...   පොලොව යට අපායක් තියෙනවාද නැද්ද​?? අහසෙ දිව්‍යලෝක තියෙනවාද නැද්ද​? මැරි මැරී උපදින සසරක් තියෙනවාද නැද්ද​? හඳේ හාවා ඇන් දේ සක්කරයාද​??  ඕවනෙ ගැටීම​.. වෙන වෙන චීත්ත කතා වැදගත් කමක් නැහැ ඉතින්.."
"Savithri Suriyabandara","https://www.facebook.com/savithri.suriyabandara","දැන් මොකක්ද ඒ අම්මා කියන කතාවේ අවුල ?  එහෙම අවුලක් පැහැදිලිව පෙන්නලා නෑනේ. ලිස්සා යෑමක්නේ කරන්නේ. මොකක් ද ඒ අම්මා කිව්ව කතාවේ වරද ? වරදක් කොහේද තියෙන්නේ ?"
"සංසාර සෙවනැලි","https://www.facebook.com/ugpxr8w5y4","මුන් දෙන්නා ගූ වුනත් කයි ඒක අද ඊයේ එකක් නෙවෙයිනේ හැබැයි ඉතින් මුන්ටම හරියන කල්ලතෝනි පොරවල් ටිකක් ලගාවේ ඉන්නවා උනුත් මුන් දෙන්නව හොඳයි කියන්නේ මුන් දෙන්න ධර්මයක් දන්නෙ නෑ වගේම මාර්ගයක් දන්නෙ නෑ වගේම හොඳයි කියන එවුන් දන්නෙත් නෑ"
"Udugama Indajothi","https://www.facebook.com/udugama.indajothi","පිස්සු විකාර නොකර හාමුදුරුවනේ නිහඬව සිටින්න මේ දිහා බලාගෙන මිනිස්සු හිනාවෙනවා."
"Sudarsana Darsha Seneviratne","https://www.facebook.com/sudarshanseneviratne","මෙ බුරුවගේ දේශපාලන සංවාදත් බලන්න එපා වෙනවා හාමුදුරුවරු විවේචනය කරන්න යෑමෙන්, ඔය හාමුදුරුවෝන් ගෙ උගත් කමට මේ යකාට කිට්ටු කරන්න පුළුවන්ද"
"Indika Gunawardana","https://www.facebook.com/idika.gunawardana","උඹ දැන් මොකටද මෙ  කඩෙ යන්නේ"
"Samitha Himi","https://www.facebook.com/samithahhimi","අනික තමයි සුදස්සනයට යන්න වෙන්නේ එක්කෝ පල්ලියට නැත්නම් මේ ගෙදරට ද? අනික තිත්තගල්ලෙ ආනන්ද එක්ක මේ සුදස්සනට කවදාවත් නිවැරදි වෙන්න  කොහොමත් බෑ... සුදස්සන පල්ලියට අහු වුනා විතරක් නොවෙයි තිත්තගල්ලට අහුවුනා කියන්නේ ඉවරෙටම ඉවරයි..."
"Senkadagala Kavi","https://www.facebook.com/bandara.bandara.612706","ඇත්තම තොපිට මීට වැඩිය දෙයක් නැද්ද යකෝ මේ මාධ්‍යයෙන් කරන්න ඈ යකෝ ඌට වැඩිය හොඳ නැද්ද තෝ ඔය කතා කරන එකා තමන්ගේ ගෙදර වත්තේ අල බතල ටිකක් හිටව ගත්තනම් පරයා තොප්පිය තොප්පියට වැඩකුත් නෑ ගමට වැඩකුත් නෑඅවජාතක හුත්තික පුතාලා තොප්පියක්කෝම තොගේ ඔය නාලිකාව නාලිකාව ඌට වැඩිය හොඳයි දෙකටම ප*** ගහ ගනින් බොලා ඒක වටිනවා ටොයිලට් පේපර් එකට හරි ගන්න"
"Karadana Samitha Himi","https://www.facebook.com/people/Karadana-Samitha-Himi/61584794695653","ඔය ලබුනෝරුකන්දේ මාන්කඩල සුදස්සනයාට අනුරාධපුරෙ අධිකරණයේ තියෙන නඩුව ගැන හොයලා බලන්න එතකොට දැනගන්න පුළුවන්"
"Nimesh Asanka","https://www.facebook.com/people/Nimesh-Asanka/61580511065381","තිත්තගල්ල කියන්නෙත් පිටදූව වගේ සසුන වනසන පිස්සෙක්.මුන්ට විරැද්දව කතාකරන්න කවුරැත් නෑ.ඒකයි අවුල"
"Sakuna Sathsara Perera","https://www.facebook.com/lssperera","ඊයා බන් චාමරයා උබයි ලැට් ශුදයි අතර වැඩි වෙනසක් නෑ 🤮"
"Sumith Nishanth","","Me amnata puthava hariyata hada ganna bari une ay."
"සනත්. කාරියවසම්.","https://www.facebook.com/94akemcfbi","ඒකි අවුරුදු 18ක් අරාබියේ පොල් ගාල නෙවෙයි පොල් ලෙලිගහලා කියලනෙ ඔය උන් දෙන්නා ඔප්පු කරන්න හදන්නෙ."
"Gyanchandra Shakya","https://www.facebook.com/gyanchandra.shakya.833123","සනත්. කාරියවසම්."
"Lahiru Priyadarshana","","anee plyan bn ynna"
"Dilaksha Ridmika Thennakoon","https://www.facebook.com/people/Dilaksha-Ridmika-Thennakoon/pfbid0235m6qX7iEfLFbiN7bzKS1tH5XTFUbPgvg684vBZLVfPaAigWEEwui4crdi7pwVU1l","උඹ අතිශයින්ම මෝඩයෙක් මචං. මම උඹේ ශිෂ්‍යත්ව පංති මට්ටමේ තර්කයක් දෙකක් මෙහෙම බිදින්නම්.  1) සුදස්සන හාමුදුරුවෝ කොයිවෙලාවේ වත් කිව්වේ නැහැ අද දිනයේ සිට අවුරැදු 18ක් 20කට පෙර සිට රැකියා කරේ කියලා.  උන්වහන්සේ කිව්වේ තමන්ගේ මව ඇයගේ ජිවිත කාලය තුල වසර 18ක් වසර 20ක් මැදපෙරදිග සේවය කල බවට. ඇතැම් විට සුදස්සන හාමුදුරුවන් ඉපදිමට පෙර සිටම ඇය එම රැකියාව කරා වෙන්නට පුළුවන්.  නැත්නම් කඩින් කඩ සේවය කරපු සමස්ථ වසරවල් ප්‍රමාණය වසර 18ක් 20ක් වෙන්න පුළුවන්. මේ අතරතුර ඇයට දානය දෙන්න බැරිද?  2) අපි නිකමට හිතමුකෝ ඒ මව එකදිගටම වසර 20ක් මැදපෙරදිග සේවය කරා කියලා. එහෙමනම් එම වසර 20 කාලය තුල කොපමණ වතාවක් ලංකාවට නිවාඩුවට එන්න ඇත්ද?  එම කාල වකවානු තුල කොපමණ වතාවක් දානය ලබා දෙන්න ඇත්ද?  උඹේ තර්ක හොදයි උඹ වගේම සමනල හිරැලුවන්ට බං 🖕"
"Samantha Nuwan Kumara","https://www.facebook.com/samantha.nuwan.kumara.268896","ගොන් බල්ලො"
"Piya Ven","https://www.facebook.com/profile.php?id=100001323182674","කැකිරාවේ උන්නාන්සේ තමයි පෝස්ට් එකක් දැම්මේ එයාගේ අම්ම මුස්ලිම් කියලා"
"Anura Arachchige","https://www.facebook.com/anura.arachchige.9","මෙි සුදස්සන කියන චිවරදාරියා විසිනි ඔහුගේ  Facebook එකෙ පල කල photo එකක් ඔහුම පිළි ගන්නවා තම මව මුස්ලිමි කියලා"
"Anoma Damayanthi","https://www.facebook.com/people/Anoma-Damayanthi/pfbid036VRwgMvizeJF7GQKarHNpXiGPwDNhfJ57CMpdQ1zvWPvFt2C7LaE8KSAb28cRzbXl","යකෝ ගොං හරකෝ තොපි සිංහල  .බත් කන උන් නේද ඕවා දර්මයද අපට වැදගත් දාර්ශනික දේ ඉදිරිපත් කරන බික්ශූන් විතරයි තොපි ඕප දූප කතා කරන චීත්ත හැත්තක්"
"Sanjeewa Jayawardhana","https://www.facebook.com/sanjeewa.jayawardhana.3","අම්මා සින්හල වෙන්න ඇති එ ත්  හු#එකා දන්නෙ ගැනි ව්තරයි"
"Prasanna Jayalath Sri Lanka","https://www.facebook.com/prasanna.jayalath.969","අනේ hutto,"
"Sadun Ariyarathne","https://www.facebook.com/sadunariyarathne28","[Image Attachment]"
"Marius Fernando","","[Image Attachment]"
"Gayan Jayasinghe","https://www.facebook.com/gayanj","[Image Attachment]"
"Gombaddala Damitha Thero","https://www.facebook.com/gombaddala.damitha","සල්ලි වලට කහින  සිවුරුදා ගත්ත කාලකන්නි බල්ලො"
"Kodikara Sanjeewa","https://www.facebook.com/kodikara.sanjeewa.33","Thithagalle Anandasiri  ඒ හුත්තො මේ බලහන් රෙදි ගලවනව ඔඹේ😂"
"Chinthaka De Alwis","https://www.facebook.com/chinthaka.de.alwis.2025","👍"
"Mahendra Weeraparakrama","","මෞඩ තර්ක"
"Seelawansa Theo","https://www.facebook.com/seelawansa.theo","[Sticker]"
"Eranda Lakmal de Silva","https://www.facebook.com/eranda1981","මුන්ට⁣මොකක්ද මේ වෙලා තියෙන්නෙ.   වැඩිකල්යන්න කලින් මේ චීවරධාරීන්ගෙ සිවුරු අරවන්නඕනි."
"M Nandarama Himi","https://www.facebook.com/ven.nandaramahimi","සිව්රු දා ගත්ත රස්තියාදු කාරයෙක්"
"Pmd Prasanna","https://www.facebook.com/pmd.prasanna.5","M Nandarama Himi එක්කෙනෙක් නෙවෙයි ඒ දෙන්නම හාමුදුරුවනෙ"
"Thushara Sajeewana","https://www.facebook.com/people/Thushara-Sajeewana/100006371701799","M Nandarama Himi mun lajja karanawa anith agamwala minissu issaraha"
"Sajith Mangala","https://www.facebook.com/people/Sajith-Mangala/pfbid02JEFKZ1qut5M4BvKE2tQZ1TQegtmWfPLABRgJSPFVdnB2WZU2MX2fb5yjUtvyvBG1l","[Image Attachment]"
"Vinod Piumal Senanayake","https://www.facebook.com/vinod.senanayake","[Sticker]"
"Gayan Jayasinghe","https://www.facebook.com/gayanj","කැ සුදස්සන කියන්නෙ ක්‍රිස්තියානි සාදු කෙනෙක්"
"Samith Nishshanka","https://www.facebook.com/profile.php?id=100000036002612","කුමාර කස්සපයා කෝමත් දේශපාලන ඝාතකයෙක්. ආගම වැරදියට යොදනවා මිනිස්සු නොමග යවන්න. ඔය හැමෝම එක එකාට කඩේ යන විකට ඇඳුම් ශිල්පියෝ.  උඹත් කරන්නෙ කඩේ යන එක නේ. 😁. උඹලා කන්න ඕනෙ දාට කබරගොයත් තලගොයි කරන් කන ජාතියේ ඌරෝ"
"Wimal Karunarathna","https://www.facebook.com/wimal.karunarathna.716","මරිමෝඩ මීහරක්ට පෙන්නපන් ඔය පරණ ගෙවල්  කොන්ඩෙ වැඳපු චීන්නුන්ට හොඳයි ..හාමුදුරුවො N G O සල්ලි ඩයස් පෝරා සල්ලි ගැන කියකියා සුදනවෙන්න ගන්න හැම උත්සාහයකම අපිට පේන්නෙ දවසින්දවස මඩි තරකර ගන්නව කියල ක්‍රිස්තියානි පල්ලියෙත් සේවයකරනව බෞද්ධ ආගමට වඩා නිතරම වචනපවා පිටවෙන්නෙ කනපිටට..මේ හාමුදුරු දෙන්න නම් අපේ බෞද්ධ ආගමට ශාපයක්...කරුමයක්"
"Tharindu Dilshan Ranasinghe","https://www.facebook.com/tharindudilshan.ranasinghe","ආහ් මේ රාජපක්ෂලාගේ අලුත් කුනු සෝදන මැශිම නේද?"
"Deepthi Manamperi","https://www.facebook.com/deepthi.manamperi.12","හාමුදුරුවරුද වැඩ්දෝද කියලා හොයන්න ආමරුයි කතා කරන්න කැත විදිය බුදුහාමුදුරුවෝ කිඋවේ මෛත්‍රී පතුරවන්න මෙයාල මුස්ලින් ආගමේ තියෙන දේවල් පතුරන ගමන් Tv show දානවා"
"Leslie Fernando","","කැකිරාවේ සුදස්සන කියන එකා නේද බුද්ධශාසනයට අසූචි ගාන්නෙ ජවිපෙ බලයට ගේන්නත් සෑහෙන්න කඩේ ගිය එකෙක්  . ඕකුන් තමි බුද්ධාගම විනාශ කරේ"
"Waruna Kumara","https://www.facebook.com/udaya.kumara.861360","සුදස්සන කියන්නේ අපායට එන ලිස්ට් එකේ අංක එකටම ඉන්න මිනිහෙක්"
"Pelawa Sumana Thera","https://www.facebook.com/people/Pelawa-Sumana-Thera/61573487923135","ඔබ විශිෂ්ටයි. ඔබ ලොකු සේවයක් කරනවා. හැබැයි අර සේපාලගේ ගුබ්බෑයමට රිංගන්න එපා! ඒකා මහ නයෙක්."
"Lakshan Perera","","ඔය තිත්තගල්ලේ කියන ඒකා තමා ඊලග න්‍යාසාරයා.මු ඉට වඩා මේ සමාජෙට පිලිලයක් වෙනවා.මුන්ගේ සිව්රු ගලවන්න මොකක් හරි ක්‍රියාමර්ගයක් ගන්න ඔනේ.මුන් සිව්රු දාගෙන මොකක්ද මේ කරන්නේ."
"Sunil Ranasinghe","https://www.facebook.com/people/Sunil-Ranasinghe/pfbid0mFdbbh4RS8MyPtz93kxEZh5V37Vx7fR6nMvSja2DfxyQ5SUaVakg6Jvfiwk7J2irl","අනේ මේ කාලකණ්ණියෝ පංසලට දුන්නේ හදාවඩාගන්න අපහසුනිසා මුන්ගේ දෙමාපියන්ට, පිනට අනුනෙගෙන් කාලබීල කඳයි බඩයි මහත්වුනාම මේ වේසීයේ පුතාලට ලැජ්ජාවක් බයක්නැති කිසිසේත්ම සාසණයට සුදුසුනැහැ, මුන්ට කන්නබොන්නවත් දෙන්න එපා කියන්නෙ ඒකයිමේ."
"Udly Ishantha","https://www.facebook.com/udly.ishantha.73","තිත්තගල්ලයි,සුදස්සනයි කියන්නෙ ශාසනය කන කැරි පොන්නයො දෙන්නෙක්"
"Nimal Uhanowita","https://www.facebook.com/nimal.uhanowita.2025","කතාව"
"Jayalath Bandara","https://www.facebook.com/jayalath.bandara.58958","මම නම් දකින්නේ මෙතන ඉන්න දෙන්න සිවුරු හොරු ලෙසයි  බෞද්ධ කියන්නෙ සිංහලද දෙමළද මුස්ලිම්ද කියලා සලකන්න බැහැ ඔය සිවුරු පොරවපු දෙන්නට වඩා බෞද්ධ ගති ඇති දෙමළ මුස්ලිම් අය ඉන්නව කාගම සිරිදම්ම හාමුදුරුවෝ සිවුරු පොරවාගෙන හිටියට බෞද්ධ කියන්න බැහැනේ පන්සිල් පද 5 රකින්න බැරි නම් එතන බෞද්ධකම නැහැ  මේ අම්ම මුස්ලිම්ද දෙමළද සිංහලද කියල හොයන්න කාටවත් බෞද්ධ විදිහට අයිතියක් නැහැ  මුන්ට පිස්සු"
"Priyadarshika Nawarathna","https://www.facebook.com/people/Priyadarshika-Nawarathna/pfbid0RJLE228hVwVCNTFpw175zzMRVcmjfWxKWnhZUzXNK8kAbC3RX6FpyuCaXimLZdypl","ඔය පිස්සන් ගෙ තුච්ඡ කතා මූහූණුපොතේ දාලා තව ප්‍රසිද්ධ කිරීමත් අනුමත කල නොහැක."
"Nuwan Dill","https://www.facebook.com/nuwan.dill.2025","අනේ චාමර  හු%%ගෙ පුතො උබට ට්‍රැක්ද ප%යෝ. උබ මොනවද දන්නෙ. උබට හිතෙන දේනෙ උබ කියන්නෙ වේ%%ගෙ  පුතෝ"
"Karadana Samitha Himi","https://www.facebook.com/people/Karadana-Samitha-Himi/61584794695653","Kekirawe Sudassana Himi මේක දැක්කා ද ලබුනෝරු භූතයෙක්"
"සනත්. කාරියවසම්.","https://www.facebook.com/94akemcfbi","ඔන්න රත්තරං කැ,සුදස්සන පුතාම කියල තියෙනවා අම්මාගෙ කැරැට්ටුව"
"Gyanchandra Shakya","https://www.facebook.com/gyanchandra.shakya.833123","සනත්. කාරියවසම්."
"Thanuja Dananjaya Maddumaga","https://www.facebook.com/thanujad77","චනා විකුම්  සුදස්සන හාමුදුරුවෝ විද්‍යාවෙන් උත්තර  දෙනවා  කිව්ව ගමන්  දැනුන දේ තමා Facebook page වල යන කොටස්  බලලා තියෙන වා  මම එම නේමේ   ගැමුණු  ජයන්ත වන්නි නායක  යුටියුබ්  එකේ පැයක ට වැඩි සියලු වැඩසටහන් එකක් නැර මම බලලා  තියෙන වා"
"Lahiru Priyadarshana","","uba chande illapan harakkgen"
"Chethana Romesh Wijerathna","https://www.facebook.com/chethana.wijerathna.697280","සිවුර දාගෙන ඉන්න කෝකත් තක්කඩි තමා කොටසක් ඔය තිත්තගල්ලෙලා සමන්තබඩ්ඩලා වගෙ සිවුරෙන් කකා බිබී සිවුරටම ගරහනවා මොකද උන්ගෙ හෘදසාක්ෂිය දන්නවා උන් කරන්නෙ බොරුවක් බව ඉතින් උන්ට නිහඬව ඉන්න අමාරුයි, කොටසක් කුමාර කස්සපලා වගේ සිවුරට මුවාවෙලා නිවිච්ච හිවලුන් සේ රඟමින් මිනිස්සුන්ගෙ සාක්කු සුද්ධ කරනවා......"
"Tharanga Wimalarathna","","නිඝන්ඨ බල්ලො මුන්ගෙ සිවුරු ගලවලා අම්බුඩ ගස්සන්න ඕන"
"Ravi Gunasin","https://www.facebook.com/ravi.gunasin","Mokakda me hamuduruwange kata wilasaya apiwath kata karanne nehe ohoma"
"Waga Arachchi Tangalla","https://www.facebook.com/waga.arachchi.tangalla","කාටද බා0 හාමුදුරුවෝ කියන්නේ"
"Chethana Romesh Wijerathna","https://www.facebook.com/chethana.wijerathna.697280","Nemindra Sesathpura මම දාපු වීඩියො එකකත් එකෙක් ඇවිල්ල මුස්ලිම් උන්ට බනිනවා මටත් හිතාගන්න බෑ ඇයි කියලා 😂🤪🤔 මම මුස්ලිම් කියලා ඌම උපකල්පනය කරලා කොමෙන්ට් එකක් දාලත් ඉවරයි ගොඩක් උන් ඔහොම තමා උන්ගෙ ආගම්වාදී ජාතිවාදී අදහස් විවේචනය කරන බෞද්ධයන්ටත් අන්‍යාගමික ලේබල් අලවනවා 😂😂 වීඩියො ලින්ක් එක https://www.facebook.com/share/v/19XmvGV8k7/"
"Asel Kandewatta","https://www.facebook.com/asela.kandewatta","ගරිකැන තක්කඩි පංගොකයි 🦊🦊🦊💩💩💩😡🖕"
"Channa Nawarathne","https://www.facebook.com/channa.nawarathna.2025","මුන්ව මහන කරන්න ඔනෙ කාලකන්නි"
"It Just Happened","https://www.facebook.com/people/It-Just-Happened/61589185726758","[Image Attachment]"
"It Just Happened","https://www.facebook.com/people/It-Just-Happened/61589185726758","[Image Attachment]"
"It Just Happened","https://www.facebook.com/people/It-Just-Happened/61589185726758","[Image Attachment]"
"It Just Happened","https://www.facebook.com/people/It-Just-Happened/61589185726758","[Image Attachment]"
"It Just Happened","https://www.facebook.com/people/It-Just-Happened/61589185726758","[Image Attachment]"
"It Just Happened","https://www.facebook.com/people/It-Just-Happened/61589185726758","[Image Attachment]"
"It Just Happened","https://www.facebook.com/people/It-Just-Happened/61589185726758","[Image Attachment]"
"It Just Happened","https://www.facebook.com/people/It-Just-Happened/61589185726758","[Image Attachment]"
"Sankalpa Ranatungaarchchilage","https://www.facebook.com/sankalpa.ranatungaarchchilage","සාසනේ කන තවත් එකෙක් 😁😁"
"Gamunu Paranavithana ","https://www.facebook.com/GAParanavithana","විලි ලැජ්ජයි තිත්තගල්ලේ මේ අය එලවල දාන්න ඕන ඔක්කොම සසුනෙන්"
"Ctm Musicsl","https://www.facebook.com/singing.song.2025","මේ මෑත කාලයේ බිහිවෙච්ච කට්ටිය  එක්කෙනෙක් තමයි උමන්දාවේ පන්සලේ ලොකු හාමුදුරුවෝ තව මේ වගේ ඉන්නවා කීප දෙනෙක් .සෝම හාමුදුරුවෝ මේ ටික කිව්වා නේද .....මේවට තදින්ම නීතිය ක්‍රියාත්මක කරන්න ඕනෙ .කිසිම ශ්‍රද්ධාවක් නෑ මූණෙන් බේරෙනවා ගඳ ගතිය"
"Ctm Musicsl","https://www.facebook.com/singing.song.2025","මේවට අපි එකතු වෙමු"
"Ctm Musicsl","https://www.facebook.com/singing.song.2025","මේවට නීතියක්  නැද්ද"
"Ctm Musicsl","https://www.facebook.com/singing.song.2025","මේ දෙන්නම ධර්මය විකෘති කරන කල්ලිය මේවට අහුවෙන්න එපා"
"Chamara Nuwan","https://www.facebook.com/chamara.nuwan.785219","බුදු හාමුදුරුවෝ කියපු දෙවල් ඇත්ත වෙමින්  පවතින"
"Hirusha Rathnayaka","https://www.facebook.com/hirusha.rathnayaka.35","මේ මොන පකෙක්ද"
"Gyanchandra Shakya","https://www.facebook.com/gyanchandra.shakya.833123","A"
"Anuruddha Darmappriya","https://www.facebook.com/anuruddha.darmappriya","බං මේ ඔය දින වකවානුව ගලපනව වගෙ පංසල්වල පොඩි හාමුදුරුවෝ අපයෝජන කරන..උඩමලුවෙ සංගයා ගැනත් දාපංකො. උඹ මොනවද ං දන්නෙ..."
"Neranjan Ekanayake","https://www.facebook.com/neranjan.ekanayake.5836","මම ජනාධිපති උනානම් අසීමිත බලයකින් මේ වගේ පුහු චීවර දාරි ගෙරියො ටිකයි , දේව ආගම් ඉස්සරහට දාගෙන මිත්තියාවන් පතුරවන සෙට් එකයි ජීවිතාන්තය දක්වා හිරේ 😂"
"Lahiru Priyadarshana","","yakoo mama awurudu k thisse bana ahanawa kothmale neme hamathanama kisima thanaka dahama nee"
"Lahiru Priyadarshana","","ubata mokdda thiyana amaruwa gothaya"
"Nalaka Priyantha","https://www.facebook.com/nalaka.priyantha.815477","ඔය දෙන්නම සිවුරට මුවා වෙලා සාසනයට ගරහන ශ්‍රමණ වේශධාරීන් දෙන්නෙක් ."
"Indrajith Dasanayaka","https://www.facebook.com/indrajith.dasanayaka.1","භික්ෂූන් නෙවෙයි මුං පිස්සූන්😪"
"Gyanchandra Shakya","https://www.facebook.com/gyanchandra.shakya.833123","Indrajith Dasanayaka"
"Priyadarshana Bandara","https://www.facebook.com/priyadarshana.bandara.2025","කැකිරාවේ සුදස්සන ඇත්තටම චාටර් පොරක් කියල දැනගත්තෙ තිත්තගල්ලෙ වගේ බේසිකයෙක් ගෙ සරන යාමෙන් මයි."
"Waruna Kumara","https://www.facebook.com/udaya.kumara.861360","දැන් අවුරුදු දහයකට ඉස්සෙල්ලාම කොහෙද ජීවීපී එක බලයක් ගත්තේඒ කියන බණ ටිකක් හොඳට අහපන්කෝ හරකෙක් වගේ කතා කරන්නැතුව"
"Waruna Kumara","https://www.facebook.com/udaya.kumara.861360","සිරිධම්ම හාමුදුරුවෝ කියන කතාව ළඟදි එකක් උඹට තේරෙන්නේ නැද්ද ඒක නිවැරදි කරන්න හදන්නේ අර කක්කි සුදා කියන මෝඩ මිනිහා කියන දේවල්ආණ්ඩුවට කඩේ යන ඩෝබි මිසක් වෙන කවුරුවත් පිළිගන්නේ නෑ"
"Udeni Sirimanne","","කැකිරාවේ සුදස්සනම තමන්ගේ අම්මා මුස්ලිම් කියලා හඳුන්වලා post එකක් දාලා දැන් ඒකටත් කුමාරකස්සප ස්වාමීන්වහන්සේට දොස් කියනවා. අම්මා මුස්ලිම් වුණ එක කාටද ප්‍රශ්නයක් වෙලා තියෙන්නේ කියලා දැන් හොඳටම පැහැදිලියි"
"Ruwan Pathirana","https://www.facebook.com/ruwan.pathirana.339783","තිත්තගල්යා....සුදස්සනයා දෙන්නමා  නෙරපන්න ..ඕනෑ..."
"Dilan Siriwardhana","https://www.facebook.com/dilan.siriwardhana.75","හාමුදුරුවෝ නෙමෙ මේ චන්ඩි වගෙනෙ"
"Lasantha Perera","https://www.facebook.com/lasantha.perera.585","අත්හරින කියලා දුන්න ආගම බදා ගෙන ඒක අත්හරින්න බැරැව දගලවා"
"Lal Silva","https://www.facebook.com/lal.silva.961","සාසනේ වළදනවා"
"Saman Arunashantha","https://www.facebook.com/saman.arunashantha.2025","අඩෝ හාමුදුරුවන්ගේ අම්මට නෙවෙයි ඔය ආපු හාමුදුරු වරුන්ගේ අම්මාට උනත් ඕන පුකක් කියා ගනින් මොනා උනත් ඒ හාමුදුරුවෝ කියන්නේ ඇත්ත"
"Kasun Premadasa","https://www.facebook.com/kasunchamara.premadasa","පුදුම රීච් හිඟන්නො නෙ මුං. කවුරු හරි කා කොටා ගද්දි මුන්ට මගුල්"
"Dil Rukshi Dil","https://www.facebook.com/jaya.chathu.31","මේ හාමුදුරුවො තමන්ගෙම චරිතෙ විනාශකරවගන්නව"
"Mhm Hasni","","සමහරක් චීවරයෝ ඔය චීවරය පුරවගන්නම් කට වාචාල කමට කියවන දේවල්නේ ඔය මුස්ලිම්ද කියලත් අහනවා 🤣💀"
"Luxman Wasantha","https://www.facebook.com/luxman.wasantha.71","මුත්  කියන්නේ සම්පූර්ණ වැරදි logic!!!!!"
"Akila Bandara","","ලබුනොරuව ආරණ්‍ය සේනාසනය තියනවා🙏🙏🙏🙏"
"Don Lahiru","https://www.facebook.com/profile.php?id=589572369","කැකිරට වුනු දෙයක් 😅"
"SP Tharanga","https://www.facebook.com/sp.tharanga","මූ අනුරගේ ගූ කන එකෙක්"
"Namal Madushanka","https://www.facebook.com/namal.madushanka.334","👍"
"Lasantha Perera","https://www.facebook.com/lasantha.perera.585","බුදුහාමුදුරුවෝ මොකක්ද කිව්වේ කවුරුත් කියන දේ විශ්වාස කරන්න එපා උන්වහන්සේ කියන දේවත් විශ්වාස කරන්න එපා තම විචාර බුද්ධිය ඒවා ඇත්තද නැත්තද කියලා  තේරුම් ගන්න එහෙම නම් කවුරු මොනවා කිව්වත් ප්‍රශ්නයක් නෑ මෙි දෙකට බෙදිලා තමන් හරි කියලා වාද කන්න දෙයක් නැහැ ..."
"Saman Kumara","","මුන් මේ NGO කරයොන්ගෙයි පල්ලි කක්කොන්ගෙයි.ගොල බලයෝ මුන්  ඒක්කතරා විශාල කන්ඩයමක් .උන්ට ඔන්නේ මේ සිංහලයගේ සිරිත් විරිත්  ගුණ දර්ම,බණ ,හවනා විවෙචනේ කරන්න."
"Chaminda Rupasinghe","https://www.facebook.com/thusharach14","මේවා අහන්න දකින්න වුනානේ අපිටත්  පාතාලය වගෙ විනයක් නැතුව පැවිදි උපසම්පදා කළාම ඔය තිත්තගල්ලේ , කැකිරාවේ, සහ කොත්මලේ කුමාර කාශ්‍යප වගෙ සිත පැවිදි නැති ගත පැවිදි අය බිහිවෙයි. තථාගතයන් වහන්සේගෙ  දර්ශනය එකක් ඒ වුනාට  කැකිරාවේ උන්නාන්සේ ගත්තේ එක විදියකට කොත්මලේ කුමාර කාශ්‍යප ගත්තෙ තව විදියකට ඊට පසු අං පටලව ගන්නවා  නිකන් හිතන්නකෝ මෛත්‍රීය කරුණාව ගැන අන්තර්ගත ධහමක් අනුගමනය කරන භික්ෂුව නිකාය 3කට 4කට බෙදිලා ගමේ පංසල් දෙකක් තියෙවිනම් ඒ පංසල්වලින් අනිත් පංසලට යන්නෙ එන්නෙ නැහැ හාමුදුරුවෝ  ගිහියෝ හොදා ඊටවඩා  අහිංසක මිනිසුන් වේලක් කාලා වෙලක් නොකා හරි අග්‍ර පලය ධානය සදහා කැපවෙලා සුදානම් කරගෙන යන්නෙ කුඹුරු හේන් කරලා නැත්තම් කුලි රස්සවක් කරලා පංසලට ධානය අරන් යන්නෙ ඒවා තෘෂ්ණා වෙන් වළදලා තඩි තෙල් සහිත ඇගක් හදාගෙන gym ගිහින් විඩියෝ දානවා දායකයන්ට බලන්න හාමුදුරුවෝ  තග දාන හැටි ඒයි කුමාර කාශ්‍යප මොකද්ද බං කොහොමද තිත්තගල්ලේ උන්නැහේගෙ වාග් විලාසය  මේ මිනිසුන් එක එක podcast වල ගිහින් ධර්මය පතුරු ගහලා NGO ලට ඕන විදියට ධර්මය විකෘති කරලා  දර්ශනය විකෘති කලා මිසක් දන් හැන්දක් දුන්න අහිංසක මිනිසුන්ට සසර දුකක් ඉන් මිදෙන මගක් නොකියා තඩි බඩක් හදාගෙන පාතාලේ විදියට තග දාගෙන මේ යක්කු භික්ෂුන් ද බුද්ධ පුත්‍රයන්ද සාස්තෘන් වහන්සේගෙ ගෝලයෝද මුං  තථාගතයන් වහන්සේ දේශණා කලේ භික්ෂුවට අදාල නොවෙන දේ කර කර අහිංසක මිනිසුන්ගෙ ධානය අනුභව කරනවට වඩා හොදයි උණුවෙලා වැගිරෙන යකඩ ගුලි කන එක කියලා දේශණා කලෙ ඇයි කියලා අවබෝධ කර ගනිල්ලා බුදුවරු බොරු කියන් නැහැ රහසිවත් පව් කරන්නෙ නැහැ උදාහරණයක් ආවට ගියාට කියන්නෙ නැහැ කිව්වනම් ඒ උදාහරණය 1000% ක් ගලපලාමයි කිව්වේ  පැවිදි අයට එකමගයි තියෙන්නෙ ඒ සසරෙන් එතෙර වෙන්න ගිහියන්ට ධහම කියා දිලා ඒ අයගෙ ලෞකික ජිවිතය සැපවත් කරන්නත් පරලොව සුකිත මුදිත කරන්නත් ඊට එහාට ගියොත් ගිහි පිරිසත් නිවනට යොමු කරන්න වගකිමක් දරණ භික්ෂුව අද මොකද කර කර ඉන්නෙ. අපි විවේචනය නොකර ඉන්නෙ උඩ බලන් කෙළ ගහගන්න බැරි කමට  නැහැනම් කොත්මලේ කුමාර කාශ්‍යප ගැනත් තිත්තගල්ලේ , වගෙම කැකිරාවේ උන්නැහෙ ගැනත් මනාව දන්නවා පැවිදි ඔහෙලගෙන් අහලා ඉගෙන ගන්න  බුදු බණක් අපිට නැහැ ඒකත් අපිම ඉගෙන ගෙන සසර කෙලවර කර ගන්නම් පිං අයිති වෙයි ඔය සිවුර ගලවලා හෙනක් කුබුරක් කොටන් කාලා පවුලක් නඩත්තු කරගෙන ඉදහල්ලා අපි බණ කියලා දෙන්නම් ඔහෙලට නිවන් කෙසේ වෙතත් අඩුම  මාර්ග පලයකට එන්න හරි. දුකයි මේවා කියන්න ඒත් දරන්න බැරිම තැන තව ටිකක් දරාගෙන ඉදලයි මේ ටික කිව්වේ  😥"
"Sajith Mangala","https://www.facebook.com/people/Sajith-Mangala/pfbid02JEFKZ1qut5M4BvKE2tQZ1TQegtmWfPLABRgJSPFVdnB2WZU2MX2fb5yjUtvyvBG1l","[Image Attachment]"
"Sajith Mangala","https://www.facebook.com/people/Sajith-Mangala/pfbid02JEFKZ1qut5M4BvKE2tQZ1TQegtmWfPLABRgJSPFVdnB2WZU2MX2fb5yjUtvyvBG1l","[Image Attachment]"
"Shamindra Dissanayake","https://www.facebook.com/shamindra.dissanayake.54389","[Image Attachment]"
"Udeshika Lakmal Wijesooriya","https://www.facebook.com/udeshikalakmal.wijesooriya","බුදුන්ගේ ගෞරවය කෙලෙසන්න එපා යකුනේ"
"Sumeda Priyalal","https://www.facebook.com/sumeda.priyalal.14","සිංහල බෞද්ධයන් ආයේ ලොවෙත් හදන්න බැරි තැනට පත් වෙලා ඉවරයි.  මාර විදිහට සිංහල බෞද්ධ මිනිස්සු පිරිහෙමින් සහ විනාශ කරමින් යනවා. දරුවන්ගේ ඉදලා සියලු බෞද්ධයන්ට වැරිදි ආකල්ප වර්ධනය කරමින් මේ විදියට ධර්මය වැරදියට පරිවර්තනය කරමින් සිටි.  මේකට මහානායක හාමුදුරු පියවර නොගත්තොත් තව අවුරැදු විස්සක් ඇතුලත සොරි තමයි."
"Buddika Sakalasuriya","https://www.facebook.com/buddika.sakalasuriya","මොනවද මේ විකාර විග්‍රහ"
"Sadun Ariyarathne","https://www.facebook.com/sadunariyarathne28","පල්ලි පිල්ලි"
"Sadun Ariyarathne","https://www.facebook.com/sadunariyarathne28","[Image Attachment]"
"අනුහස් සන්දරූ","https://www.facebook.com/anuhas.sandaru","දානේ දීලා කියෙනවා කිවුවේ කුමාර කස්සප හාමුදුරුවන්ටද?ලබුනෝරුව කන්ද ආරණ්‍ය සේනාසනයටද කියන එක පැහැදිලි කරගන්න බැරි තරමට මොළය උඩ වාඩී වෙලා දඟලන්න එපා යකුනෙ 😁"
"හෙල දීපය","https://www.facebook.com/people/%E0%B7%84%E0%B7%99%E0%B6%BD-%E0%B6%AF%E0%B7%93%E0%B6%B4%E0%B6%BA/100008433345988","Ven Thiththagalle Anandasiri Himi ..🤭තිත්තයි ඈ"
"Netuki Liyanage","https://www.facebook.com/netuki.liyanage","හිසබාලා සිවුරු පෙරෙව්වට  භික්ෂූන් වහන්සේලා වෙන්නෑ කියලා භාග්‍යවතුන් වහන්සේ දේශනා කලා .මේ ඒකට හොදම උදාහරණ.     🙏 පින්වත් කොත්මලේ කුමාරකස්සප ස්වාමින්වහන්ස ඔබ වහන්සේ මේ දුර්ලභ සම්බුද්ධ සාසනයට පහල  උන  අනුත්තර වූ පින් කෙතක් 🙏🙏🙏"
"Dinushi Hansani Dharmasooriya","","මේ ඉන්නෙ උන්දමා තමා අම්මා මුස්ලිම් කියලා දාලා තිබ්බෙ"
"Madhurika Jayawardana","","Dinushi Hansani Dharmasooriya මේවා හැමතැනම share වෙද්දි තිත්තගල්ලේ ට ඒවා පේන්නෙ නෑ. කුමාරකස්සප ස්වාමින්වහන්සේ බොරු කියනවා කියලා  කියන්නෙම මෙයා පිස්සෙක් නේ."
"Dinushi Hansani Dharmasooriya","","Madhurika Jayawardana කුමාර කස්සප ස්වාමින්වහන්සේට බැනලා විහින් අපාගත වෙන්නෙ ඔය අලජ්ජියා චීවරය ගලවන්න ඔන ඔකගෙ ..  වහාම මහනායක හාමුදුරුවෝන් ක්‍රියාත්කම වෙන්න ඕන මේ භක්ෂකයන් එලවන්න."
"Priyadarshika Nawarathna","https://www.facebook.com/people/Priyadarshika-Nawarathna/pfbid0RJLE228hVwVCNTFpw175zzMRVcmjfWxKWnhZUzXNK8kAbC3RX6FpyuCaXimLZdypl","ඔය හාමුදුරුවෝ 3 දෙනාම බලු පොර නොකර අනේ සංඝ සාමග්ගිය ඇති කරගන්න. තිත්තගල්ලෙ හිමි කාලයක් හොඳට අභිධර්මය ත් ඉගැන්වුවාලු. කැකිරාවේ සුදස්සන හිමිත් ශාස්ත්‍රීය අධ්‍යාපනය ලද කෙනෙක්. කොත්මලේ හිමිත් ඉතාම නිවී සැනසිල්ලේ ධර්මය දේශනා කරන උතුම් හිමි නමක්. ඔබ වහන්සේලා ඔය වැඩේ නතර කරන්න ඔය බලු පොර එපා. ඇත්තටම වයස 12 සිට ශාසනයට උතුම් පැවිදි බිමට ඇතුළත් වී මොනාද ඔය කරන වැඩ? කතෝලික ඩීජේ ලා සමග කරන විකාර නවතා 3 නම ම එකතු වී අඩු ගණනේ කතෝලික අසපු ජූඩ් කබ්රාල් කරන අතිශය ම ශාසන භක්ෂක ව්යාප්රුති නවතන්න. තෙරුවන් සරණයි හාමුදුරුවනේ අනේ අපේ සම්බුද්ධ ශාසනයේ කඳ පණුවෝ වෙන්න එපා"
"Srilanka Popi Mala","https://www.facebook.com/indra.perera.142","Priyadarshika Nawarathna මුන් දෙන්නව ශාසනයෙන් නෙරපන්න ඔනා ඇයි මේ තරම් නින්දා කරන්නේ සිවුරු දාගෙන මුන්ව මහන කලේ කවුද අපරාදයක් කරලා තියෙන්නේ"
"Priyadarshika Nawarathna","https://www.facebook.com/people/Priyadarshika-Nawarathna/pfbid0RJLE228hVwVCNTFpw175zzMRVcmjfWxKWnhZUzXNK8kAbC3RX6FpyuCaXimLZdypl","Srilanka Popi Mala ඔය චාමර නම් වු පුද්ගලයාත් අන්න භාග්‍යවතුන් වහන්සේ ව මිසදිටු ජේසුතුමා සමාන කරන්න හදනවා සර්වාගම් පුට්ටු කිරීමට. සිවුර දරාගෙන මොවුන් කරන වැඩ වලට නෙගටිව් පබ්ලිසිටි දෙන එක තමා නරක කොහොමටවත් අපේ සිංහළයෝ ඔවැනී අය පසුපස පිරිස එන්නෙ නෑ"
"Priyadarshika Nawarathna","https://www.facebook.com/people/Priyadarshika-Nawarathna/pfbid0RJLE228hVwVCNTFpw175zzMRVcmjfWxKWnhZUzXNK8kAbC3RX6FpyuCaXimLZdypl","තිත්තගල්ලෙ හිමි ඥාණසාර හාමුදුරුවෝ වෙනුවෙන් වගේ පෙනී ඉන්නෙත් උන් වහන්සේට එන අත්සන් නැති කරන්නද මන්දා හැසිරීම හැටියට. ඇත්තටම නම් ඔය බලු පොර ඔක්කොම ට අනවශ්‍ය ලෙස නෙගටිව් පබ්ලිසිටි දීම කතෝලික අසපු මගවැහුනාව ට සහ කතෝලික සභාවට ත් කිතුණු එවැන්ජලික ඉස්ලාමීය කාටත් චූන් වේවි. අපේ සම්බුද්ධ ශාසනය ට තව තව ඔවුන්ම ගැරහීම කරාවි ඔය පල්ලි පිල්ලි වලට පල්ලියේ ආකර්ෂණය තව වැඩිවේනවා තව ගෙවයි. ඔබ කරන වැඩේ ත් ඒකටම උඩගෙඩි දෙනවා වගේ."
"Anura Arachchige","https://www.facebook.com/anurarajapakshe.rajapakshe","වචන භාවිතයෙන් පේනව භික්ෂුවක් නෙමේ සිවිරු දරන්නෙක් කියල.."
"Zeus Mahendran","https://www.facebook.com/geeth.geeth.133439","ඔය සුදස්සනයාම දවසක් මාධ්‍ය ඉස්සරහා කියනවා මගෙ අම්මා මුස්ලිම් තාත්තා ක්‍රිස්තියානි කියලා දැන් ආයෙත් වදාපු ගෑණි වෙනස් කරලද මූ🤌"
"හෙළයෙක් වෙනුවෙන් හෙළයෙක්","https://www.facebook.com/people/%E0%B7%84%E0%B7%99%E0%B7%85%E0%B6%BA%E0%B7%99%E0%B6%9A%E0%B7%8A-%E0%B7%80%E0%B7%99%E0%B6%B1%E0%B7%94%E0%B7%80%E0%B7%99%E0%B6%B1%E0%B7%8A-%E0%B7%84%E0%B7%99%E0%B7%85%E0%B6%BA%E0%B7%99%E0%B6%9A%E0%B7%8A/61585217163703","කැකිරාවේ කපොතී"
"Gayan Rebera","","ලබුනොරුවට දානේ දිලා තියෙනවා කිවුට ඒ හාමුදුරුවන්ට දුන්නා කියලා කියනේ නෑ.20 එක දිගටම රට හිටියා කිවුවෙත් නෑ.  අනික මෙයින් මතු කිරිම උස්සහා කරේ මේ කැකිරාවේ හමුදුරුවන්ගේ අම්මා බෞද්ධ කියලා මතු කිරිමට මිසක් වෙන දෙකට නෙවෙයි."
"හෙළයෙක් වෙනුවෙන් හෙළයෙක්","https://www.facebook.com/people/%E0%B7%84%E0%B7%99%E0%B7%85%E0%B6%BA%E0%B7%99%E0%B6%9A%E0%B7%8A-%E0%B7%80%E0%B7%99%E0%B6%B1%E0%B7%94%E0%B7%80%E0%B7%99%E0%B6%B1%E0%B7%8A-%E0%B7%84%E0%B7%99%E0%B7%85%E0%B6%BA%E0%B7%99%E0%B6%9A%E0%B7%8A/61585217163703","[Image Attachment]"
"හෙළයෙක් වෙනුවෙන් හෙළයෙක්","https://www.facebook.com/people/%E0%B7%84%E0%B7%99%E0%B7%85%E0%B6%BA%E0%B7%99%E0%B6%9A%E0%B7%8A-%E0%B7%80%E0%B7%99%E0%B6%B1%E0%B7%94%E0%B7%80%E0%B7%99%E0%B6%B1%E0%B7%8A-%E0%B7%84%E0%B7%99%E0%B7%85%E0%B6%BA%E0%B7%99%E0%B6%9A%E0%B7%8A/61585217163703","තිත්‍තයි ගල්ලේ ඔයා නම් ඊයා යකෝ සිවුරට කරන අපහාසය මේ අය ඊයා . චාමර නියමයි ඉවසිම 🙏"
"වී කේ","https://www.facebook.com/Vijaya.Kosalage","😔😔"
"Sujeeva Ranasinghe","https://www.facebook.com/sujeeva.ranasinghe","[Image Attachment]"
"Sujeeva Ranasinghe","https://www.facebook.com/sujeeva.ranasinghe","[Image Attachment]"
"Jayantha Siri Pathirana","https://www.facebook.com/profile.php?id=100023124551594","පිලිවෙතින් පිලිවෙලින් පෙලගැහිලා සාසනේ නසන උං එලවන්න කාලේ හොදයි"
"Roshan Pradeep","https://www.facebook.com/roshan.pradeep.3367","සිවුරු දාගත් නිරාගමික කල්ලතෝනි මාක්ස් වාදි සිංහල බෞද්ධ විරෝධී NGO චිවරදාරින්"
"Harsha Chandana","https://www.facebook.com/harsha.chandana.595494","මුන් දෙන්නා ගස් බැදල ගහාගන්න ඕන  සැප විදිමින් මුන් අන්‍යාගමිකයො එක්ක ඩීල් සල්ලිවලට මුන්ගෙ බැංකු ගිනුම් විගනනය කලයුතුයි"
"Malindu Dilshan","https://www.facebook.com/malindu.dilshan.9615","Harsha Chandana දැක්කයි ඔහේ 😂"
"Harsha Chandana","https://www.facebook.com/harsha.chandana.595494","Malindu Dilshan උබ දැක්කෙ නැතෙයි 😛"
"Haishan MA","https://www.facebook.com/people/Haishan-MA/pfbid0uNscQCjwMBAFVu4ChADNUqJXk954VzeCjffCLDDpn88GZkftYSdo61Tpb9Sa2Ez7l","[Image Attachment]"
"Fairooz Nizam","https://www.facebook.com/people/Fairooz-Nizam/pfbid02s5Jqm7oQXDLbaiyT3njcQrdyTxfJ8KX9tKPLjbgTgiRPqGgfTNetfKcx61vZVQjRl","These two people are ruining  Buddhism. Shame on them!!!"
"Kevin Hem","https://www.facebook.com/kevin.hem.2025","This guy must be charged for asking racial questions. This is not a monk this is a parasite"
"SP Tharanga","https://www.facebook.com/sp.tharanga","The Goner  https://www.facebook.com/100002372983248/posts/28456420224020364/?app=fbl"
